Employee ID,Period_Start,Period_End,Phase_Lifting,Phase_Moving,Phase_Placing,Velocity_avg,Velocity_abs,Fatigue or not
1,1,10,1,0,0,52.3263,52.3263,1
2,1,10,1,0,0,-82.2864,82.2864,1
1,2,11,1,0,0,58.4406,58.4406,1
2,2,11,1,0,0,-46.2564,46.2564,1
1,3,12,1,0,0,70.5498,70.5498,1
2,3,12,1,0,0,-49.5126,49.5126,1
1,4,13,1,0,0,92.2005,92.2005,1
2,4,13,1,0,0,-39.1023,39.1023,1
1,5,14,1,0,0,102.66,102.66,1
2,5,14,1,0,0,-71.2686,71.2686,1
1,6,15,1,0,0,101.517,101.517,1
2,6,15,1,0,0,-49.6569,49.6569,1
1,7,16,1,0,0,94.1211,94.1211,1
2,7,16,1,0,0,-31.6659,31.6659,1
1,8,17,1,0,0,101.7726,101.7726,1
2,8,17,1,0,0,-14.7417,14.7417,1
1,9,18,1,0,0,110.5113,110.5113,1
2,9,18,1,0,0,-22.8048,22.8048,1
1,10,19,1,0,0,104.2605,104.2605,1
2,10,19,1,0,0,-17.8032,17.8032,1
1,11,20,1,0,0,80.6016,80.6016,1
2,11,20,1,0,0,-4.9578,4.9578,1
1,12,21,1,0,0,76.1676,76.1676,1
2,12,21,1,0,0,10.9059,10.9059,1
1,13,22,1,0,0,56.4267,56.4267,1
2,13,22,1,0,0,14.0118,14.0118,1
1,14,23,1,0,0,38.4492,38.4492,1
2,14,23,1,0,0,28.7886,28.7886,1
1,15,24,1,0,0,31.6047,31.6047,1
2,15,24,1,0,0,22.5813,22.5813,1
1,16,25,1,0,0,54.8829,54.8829,1
2,16,25,1,0,0,3.5613,3.5613,1
1,17,26,1,0,0,67.5627,67.5627,1
2,17,26,1,0,0,-9.5706,9.5706,1
1,18,27,1,0,0,36.1938,36.1938,1
2,18,27,1,0,0,7.722,7.722,1
1,19,28,1,0,0,43.1613,43.1613,1
2,19,28,1,0,0,11.1744,11.1744,1
1,20,29,1,0,0,53.0613,53.0613,1
2,20,29,1,0,0,-8.85,8.85,1
1,21,30,1,0,0,37.9059,37.9059,1
2,21,30,1,0,0,-4.0221,4.0221,1
1,22,31,1,0,0,68.1726,68.1726,1
2,22,31,1,0,0,-1.2408,1.2408,1
1,23,32,1,0,0,52.0347,52.0347,1
2,23,32,1,0,0,-29.0622,29.0622,1
1,24,33,1,0,0,65.511,65.511,1
2,24,33,1,0,0,-17.625,17.625,1
1,25,34,1,0,0,50.0181,50.0181,1
2,25,34,1,0,0,-6.7527,6.7527,1
1,26,35,1,0,0,36.2733,36.2733,1
2,26,35,1,0,0,-4.0395,4.0395,1
1,27,36,1,0,0,47.5017,47.5017,1
2,27,36,1,0,0,-8.8539,8.8539,1
1,28,37,1,0,0,35.9796,35.9796,1
2,28,37,1,0,0,-27.1605,27.1605,1
1,29,38,1,0,0,46.9458,46.9458,1
2,29,38,1,0,0,-21.7368,21.7368,1
1,30,39,1,0,0,50.8434,50.8434,1
2,30,39,1,0,0,-31.86,31.86,1
1,31,40,1,0,0,33.471,33.471,1
2,31,40,1,0,0,-17.9523,17.9523,1
1,32,41,1,0,0,47.2545,47.2545,1
2,32,41,1,0,0,5.7006,5.7006,1
1,33,42,1,0,0,47.5635,47.5635,1
2,33,42,1,0,0,-11.8974,11.8974,1
1,34,43,1,0,0,56.6901,56.6901,1
2,34,43,1,0,0,-2.1318,2.1318,1
1,35,44,1,0,0,51.0885,51.0885,1
2,35,44,1,0,0,-2.7942,2.7942,1
1,36,45,1,0,0,45.0801,45.0801,1
2,36,45,1,0,0,13.3821,13.3821,1
1,37,46,1,0,0,53.058,53.058,1
2,37,46,1,0,0,31.8522,31.8522,1
1,38,47,1,0,0,47.8728,47.8728,1
2,38,47,1,0,0,40.3368,40.3368,1
1,39,48,1,0,0,40.3434,40.3434,1
2,39,48,1,0,0,48.7737,48.7737,1
1,40,49,1,0,0,32.1432,32.1432,1
2,40,49,1,0,0,27.7503,27.7503,1
1,41,50,1,0,0,34.9641,34.9641,1
2,41,50,1,0,0,25.002,25.002,1
1,42,51,1,0,0,8.3532,8.3532,1
2,42,51,1,0,0,45.7707,45.7707,1
1,43,52,1,0,0,0.0594,0.0594,1
2,43,52,1,0,0,46.3449,46.3449,1
1,44,53,1,0,0,-5.7996,5.7996,1
2,44,53,1,0,0,62.556,62.556,1
1,45,54,1,0,0,4.4247,4.4247,1
2,45,54,1,0,0,48.3924,48.3924,1
1,46,55,1,0,0,-5.5077,5.5077,1
2,46,55,1,0,0,53.1798,53.1798,1
1,47,56,1,0,0,-21.5934,21.5934,1
2,47,56,1,0,0,42.1212,42.1212,1
1,48,57,1,0,0,-20.4078,20.4078,1
2,48,57,1,0,0,31.6035,31.6035,1
1,49,58,1,0,0,-19.5555,19.5555,1
2,49,58,1,0,0,32.1504,32.1504,1
1,50,59,1,0,0,-32.9355,32.9355,1
2,50,59,1,0,0,35.6217,35.6217,1
1,51,60,1,0,0,-29.5212,29.5212,1
2,51,60,1,0,0,35.481,35.481,1
1,52,61,1,0,0,1014.0009,1014.0009,1
2,52,61,1,0,0,-1013.2515,1013.2515,1
1,53,62,1,0,0,1022.2005,1022.2005,1
2,53,62,1,0,0,-1036.4709,1036.4709,1
1,54,63,1,0,0,1026.498,1026.498,1
2,54,63,1,0,0,-1054.4088,1054.4088,1
1,55,64,1,0,0,1032.2553,1032.2553,1
2,55,64,1,0,0,-1075.0878,1075.0878,1
1,56,65,1,0,0,1041.9459,1041.9459,1
2,56,65,1,0,0,-1078.1205,1078.1205,1
1,57,66,1,0,0,1057.6815,1057.6815,1
2,57,66,1,0,0,-1081.7052,1081.7052,1
1,58,67,1,0,0,1075.9641,1075.9641,1
2,58,67,1,0,0,-1087.5342,1087.5342,1
1,59,68,1,0,0,-60.3036,60.3036,1
2,59,68,1,0,0,61.6629,61.6629,1
1,60,69,1,0,0,-70.1133,70.1133,1
2,60,69,1,0,0,56.9085,56.9085,1
1,61,70,1,0,0,-1119.6987,1119.6987,1
2,61,70,1,0,0,1111.3539,1111.3539,1
1,62,71,1,0,0,-1128.9675,1128.9675,1
2,62,71,1,0,0,1135.1946,1135.1946,1
1,63,72,1,0,0,-1126.1709,1126.1709,1
2,63,72,1,0,0,1155.4128,1155.4128,1
1,64,73,1,0,0,-1132.6947,1132.6947,1
2,64,73,1,0,0,1165.3878,1165.3878,1
1,65,74,1,0,0,-1124.5287,1124.5287,1
2,65,74,1,0,0,1160.6862,1160.6862,1
1,66,75,1,0,0,-1139.2659,1139.2659,1
2,66,75,1,0,0,1169.0733,1169.0733,1
1,67,76,1,0,0,-1151.4222,1151.4222,1
2,67,76,1,0,0,1167.1863,1167.1863,1
1,68,77,1,0,0,-4.9485,4.9485,1
2,68,77,1,0,0,24.7602,24.7602,1
1,69,78,1,0,0,1214.6406,1214.6406,1
2,69,78,1,0,0,-1186.7178,1186.7178,1
1,70,79,1,0,0,8.025,8.025,1
2,70,79,1,0,0,51.1176,51.1176,1
1,71,80,1,0,0,13.4634,13.4634,1
2,71,80,1,0,0,33.9885,33.9885,1
1,72,81,1,0,0,14.5848,14.5848,1
2,72,81,1,0,0,27.4434,27.4434,1
1,73,82,1,0,0,22.5891,22.5891,1
2,73,82,1,0,0,37.1097,37.1097,1
1,74,83,1,0,0,4.1466,4.1466,1
2,74,83,1,0,0,56.1282,56.1282,1
1,75,84,1,0,0,1.8198,1.8198,1
2,75,84,1,0,0,49.4103,49.4103,1
1,76,85,1,0,0,-6.3801,6.3801,1
2,76,85,1,0,0,52.494,52.494,1
1,77,86,1,0,0,-14.9868,14.9868,1
2,77,86,1,0,0,44.4651,44.4651,1
1,78,87,1,0,0,-1225.4211,1225.4211,1
2,78,87,1,0,0,1268.4336,1268.4336,1
1,79,88,1,0,0,-23.9955,23.9955,1
2,79,88,1,0,0,39.093,39.093,1
1,80,89,1,0,0,-26.1204,26.1204,1
2,80,89,1,0,0,53.3616,53.3616,1
1,81,90,1,0,0,-22.1061,22.1061,1
2,81,90,1,0,0,52.1937,52.1937,1
1,82,91,1,0,0,-32.928,32.928,1
2,82,91,1,0,0,43.3575,43.3575,1
1,83,92,1,0,0,-42.8697,42.8697,1
2,83,92,1,0,0,46.5489,46.5489,1
1,84,93,1,0,0,-51.8916,51.8916,1
2,84,93,1,0,0,53.9298,53.9298,1
1,85,94,1,0,0,-39.5679,39.5679,1
2,85,94,1,0,0,61.2777,61.2777,1
1,86,95,1,0,0,-34.1355,34.1355,1
2,86,95,1,0,0,63.3135,63.3135,1
1,87,96,1,0,0,-29.5512,29.5512,1
2,87,96,1,0,0,30.5373,30.5373,1
1,88,97,1,0,0,-25.266,25.266,1
2,88,97,1,0,0,8.8011,8.8011,1
1,89,98,1,0,0,-27.6339,27.6339,1
2,89,98,1,0,0,5.9295,5.9295,1
1,90,99,1,0,0,-38.4993,38.4993,1
2,90,99,1,0,0,17.0043,17.0043,1
1,91,100,1,0,0,-49.1454,49.1454,1
2,91,100,1,0,0,24.9717,24.9717,1
1,92,101,1,0,0,-34.0935,34.0935,1
2,92,101,1,0,0,23.4822,23.4822,1
1,93,102,1,0,0,-39.8547,39.8547,1
2,93,102,1,0,0,32.1444,32.1444,1
1,94,103,1,0,0,-56.1168,56.1168,1
2,94,103,1,0,0,15.5634,15.5634,1
1,95,104,1,0,0,-51.039,51.039,1
2,95,104,1,0,0,4.2621,4.2621,1
1,96,105,1,0,0,-61.5111,61.5111,1
2,96,105,1,0,0,29.5935,29.5935,1
1,97,106,1,0,0,-51.3936,51.3936,1
2,97,106,1,0,0,26.5596,26.5596,1
1,98,107,1,0,0,-37.3176,37.3176,1
2,98,107,1,0,0,31.6977,31.6977,1
1,99,108,1,0,0,-49.0977,49.0977,1
2,99,108,1,0,0,19.9485,19.9485,1
1,100,109,1,0,0,-55.3065,55.3065,1
2,100,109,1,0,0,2.4171,2.4171,1
1,101,110,1,0,0,-47.2707,47.2707,1
2,101,110,1,0,0,0.0594,0.0594,1
1,102,111,1,0,0,-46.6029,46.6029,1
2,102,111,1,0,0,5.844,5.844,1
1,103,112,1,0,0,-41.4576,41.4576,1
2,103,112,1,0,0,27.5784,27.5784,1
1,104,113,1,0,0,-56.8842,56.8842,1
2,104,113,1,0,0,37.4028,37.4028,1
1,105,114,1,0,0,-52.7454,52.7454,1
2,105,114,1,0,0,37.4556,37.4556,1
1,106,115,1,0,0,-75.3957,75.3957,1
2,106,115,1,0,0,42.2457,42.2457,1
1,107,116,1,0,0,-85.7208,85.7208,1
2,107,116,1,0,0,17.9193,17.9193,1
1,108,117,1,0,0,-88.1214,88.1214,1
2,108,117,1,0,0,20.085,20.085,1
1,109,118,1,0,0,-98.1432,98.1432,1
2,109,118,1,0,0,24.9423,24.9423,1
1,110,119,1,0,0,-118.143,118.143,1
2,110,119,1,0,0,7.1166,7.1166,1
1,111,120,1,0,0,-95.9439,95.9439,1
2,111,120,1,0,0,-3.63,3.63,1
1,112,121,1,0,0,-81.7017,81.7017,1
2,112,121,1,0,0,-20.7543,20.7543,1
1,113,122,1,0,0,-64.5765,64.5765,1
2,113,122,1,0,0,-37.1508,37.1508,1
1,114,123,1,0,0,-58.9263,58.9263,1
2,114,123,1,0,0,-47.1102,47.1102,1
1,115,124,1,0,0,-36.0564,36.0564,1
2,115,124,1,0,0,-54.4794,54.4794,1
1,116,125,1,0,0,-32.8368,32.8368,1
2,116,125,1,0,0,-43.6023,43.6023,1
1,117,126,1,0,0,-18.822,18.822,1
2,117,126,1,0,0,-60.5892,60.5892,1
1,118,127,1,0,0,10.4352,10.4352,1
2,118,127,1,0,0,-71.2965,71.2965,1
1,119,128,1,0,0,36.6747,36.6747,1
2,119,128,1,0,0,-64.9803,64.9803,1
1,120,129,1,0,0,36.5307,36.5307,1
2,120,129,1,0,0,-71.5431,71.5431,1
1,121,130,1,0,0,31.4913,31.4913,1
2,121,130,1,0,0,-77.475,77.475,1
1,122,131,1,0,0,33.2958,33.2958,1
2,122,131,1,0,0,-58.6932,58.6932,1
1,123,132,1,0,0,36.7389,36.7389,1
2,123,132,1,0,0,-63.4287,63.4287,1
1,124,133,1,0,0,28.7436,28.7436,1
2,124,133,1,0,0,-56.0982,56.0982,1
1,125,134,1,0,0,28.7661,28.7661,1
2,125,134,1,0,0,-41.8149,41.8149,1
1,126,135,1,0,0,32.4834,32.4834,1
2,126,135,1,0,0,-28.0515,28.0515,1
1,127,136,1,0,0,28.2954,28.2954,1
2,127,136,1,0,0,-8.1483,8.1483,1
1,128,137,1,0,0,19.9941,19.9941,1
2,128,137,1,0,0,-0.7236,0.7236,1
1,129,138,1,0,0,16.7034,16.7034,1
2,129,138,1,0,0,-1.6002,1.6002,1
1,130,139,1,0,0,10.2429,10.2429,1
2,130,139,1,0,0,19.6659,19.6659,1
1,131,140,1,0,0,-7.4019,7.4019,1
2,131,140,1,0,0,23.3982,23.3982,1
1,132,141,1,0,0,-7.9209,7.9209,1
2,132,141,1,0,0,48.6801,48.6801,1
1,133,142,1,0,0,-5.5314,5.5314,1
2,133,142,1,0,0,60.378,60.378,1
1,134,143,1,0,0,-5.8533,5.8533,1
2,134,143,1,0,0,59.871,59.871,1
1,135,144,1,0,0,-20.883,20.883,1
2,135,144,1,0,0,87.9444,87.9444,1
1,136,145,1,0,0,-22.7256,22.7256,1
2,136,145,1,0,0,84.4302,84.4302,1
1,137,146,1,0,0,-35.3922,35.3922,1
2,137,146,1,0,0,100.1274,100.1274,1
1,138,147,1,0,0,-44.6154,44.6154,1
2,138,147,1,0,0,116.0067,116.0067,1
1,139,148,1,0,0,-39.972,39.972,1
2,139,148,1,0,0,111.6843,111.6843,1
1,140,149,1,0,0,-40.9419,40.9419,1
2,140,149,1,0,0,108.7233,108.7233,1
1,141,150,1,0,0,-50.8041,50.8041,1
2,141,150,1,0,0,113.9139,113.9139,1
1,142,151,1,0,0,-51.4749,51.4749,1
2,142,151,1,0,0,100.2972,100.2972,1
1,143,152,0,1,0,-65.5239,65.5239,1
2,143,152,0,1,0,88.8207,88.8207,1
1,144,153,0,1,0,-51.9774,51.9774,1
2,144,153,0,1,0,74.0115,74.0115,1
1,145,154,0,1,0,-49.5321,49.5321,1
2,145,154,0,1,0,74.1705,74.1705,1
1,146,155,0,1,0,-53.1939,53.1939,1
2,146,155,0,1,0,58.5792,58.5792,1
1,147,156,0,1,0,-57.1032,57.1032,1
2,147,156,0,1,0,41.1579,41.1579,1
1,148,157,0,1,0,-70.7241,70.7241,1
2,148,157,0,1,0,20.6952,20.6952,1
1,149,158,0,1,0,-68.3697,68.3697,1
2,149,158,0,1,0,-5.8791,5.8791,1
1,150,159,0,1,0,-78.6612,78.6612,1
2,150,159,0,1,0,-31.4271,31.4271,1
1,151,160,0,1,0,-92.595,92.595,1
2,151,160,0,1,0,-46.3707,46.3707,1
1,152,161,0,1,0,-95.8914,95.8914,1
2,152,161,0,1,0,-70.9494,70.9494,1
1,153,162,0,1,0,-131.0601,131.0601,1
2,153,162,0,1,0,-89.8806,89.8806,1
1,154,163,0,1,0,-146.8608,146.8608,1
2,154,163,0,1,0,-141.1026,141.1026,1
1,155,164,0,1,0,-146.6307,146.6307,1
2,155,164,0,1,0,-171.6096,171.6096,1
1,156,165,0,1,0,-147.1575,147.1575,1
2,156,165,0,1,0,-211.3803,211.3803,1
1,157,166,0,1,0,-157.1847,157.1847,1
2,157,166,0,1,0,-229.9179,229.9179,1
1,158,167,0,1,0,-176.448,176.448,1
2,158,167,0,1,0,-233.6232,233.6232,1
1,159,168,0,1,0,-182.8938,182.8938,1
2,159,168,0,1,0,-268.8042,268.8042,1
1,160,169,0,1,0,-183.5748,183.5748,1
2,160,169,0,1,0,-281.8812,281.8812,1
1,161,170,0,1,0,-178.4418,178.4418,1
2,161,170,0,1,0,-303.3084,303.3084,1
1,162,171,0,1,0,-175.6551,175.6551,1
2,162,171,0,1,0,-317.2827,317.2827,1
1,163,172,0,1,0,-167.9208,167.9208,1
2,163,172,0,1,0,-310.6983,310.6983,1
1,164,173,0,1,0,-178.6428,178.6428,1
2,164,173,0,1,0,-322.7694,322.7694,1
1,165,174,0,1,0,-192.8262,192.8262,1
2,165,174,0,1,0,-313.176,313.176,1
1,166,175,0,1,0,-196.338,196.338,1
2,166,175,0,1,0,-319.5399,319.5399,1
1,167,176,0,1,0,-180.1809,180.1809,1
2,167,176,0,1,0,-339.5811,339.5811,1
1,168,177,0,1,0,-173.1156,173.1156,1
2,168,177,0,1,0,-331.9407,331.9407,1
1,169,178,0,1,0,-163.173,163.173,1
2,169,178,0,1,0,-320.8563,320.8563,1
1,170,179,0,1,0,-162.9393,162.9393,1
2,170,179,0,1,0,-297.2706,297.2706,1
1,171,180,0,1,0,-156.2106,156.2106,1
2,171,180,0,1,0,-291.7044,291.7044,1
1,172,181,0,1,0,-160.9767,160.9767,1
2,172,181,0,1,0,-267.6525,267.6525,1
1,173,182,0,1,0,-160.1583,160.1583,1
2,173,182,0,1,0,-248.2623,248.2623,1
1,174,183,0,1,0,-168.1158,168.1158,1
2,174,183,0,1,0,-222.9558,222.9558,1
1,175,184,0,1,0,-160.5786,160.5786,1
2,175,184,0,1,0,-201.7164,201.7164,1
1,176,185,0,1,0,-155.8077,155.8077,1
2,176,185,0,1,0,-184.5663,184.5663,1
1,177,186,0,1,0,-143.9421,143.9421,1
2,177,186,0,1,0,-157.6074,157.6074,1
1,178,187,0,1,0,-142.7451,142.7451,1
2,178,187,0,1,0,-141.3384,141.3384,1
1,179,188,0,1,0,-140.5653,140.5653,1
2,179,188,0,1,0,-125.0466,125.0466,1
1,180,189,0,1,0,-123.0771,123.0771,1
2,180,189,0,1,0,-122.8134,122.8134,1
1,181,190,0,1,0,-116.7153,116.7153,1
2,181,190,0,1,0,-110.6199,110.6199,1
1,182,191,0,1,0,-109.8654,109.8654,1
2,182,191,0,1,0,-93.7599,93.7599,1
1,183,192,0,1,0,-86.1063,86.1063,1
2,183,192,0,1,0,-89.7777,89.7777,1
1,184,193,0,1,0,-79.4313,79.4313,1
2,184,193,0,1,0,-87.5616,87.5616,1
1,185,194,0,1,0,-82.4883,82.4883,1
2,185,194,0,1,0,-58.2579,58.2579,1
1,186,195,0,1,0,-88.2684,88.2684,1
2,186,195,0,1,0,-62.8449,62.8449,1
1,187,196,0,1,0,-95.0763,95.0763,1
2,187,196,0,1,0,-61.9077,61.9077,1
1,188,197,0,1,0,-87.2253,87.2253,1
2,188,197,0,1,0,-64.8087,64.8087,1
1,189,198,0,1,0,-89.9112,89.9112,1
2,189,198,0,1,0,-43.0161,43.0161,1
1,190,199,0,1,0,-86.6532,86.6532,1
2,190,199,0,1,0,-29.046,29.046,1
1,191,200,0,1,0,-74.4369,74.4369,1
2,191,200,0,1,0,-20.4927,20.4927,1
1,192,201,0,1,0,-63.7812,63.7812,1
2,192,201,0,1,0,-15.297,15.297,1
1,193,202,0,1,0,-57.6948,57.6948,1
2,193,202,0,1,0,-16.1388,16.1388,1
1,194,203,0,1,0,-57.2922,57.2922,1
2,194,203,0,1,0,-20.6766,20.6766,1
1,195,204,0,1,0,-44.1318,44.1318,1
2,195,204,0,1,0,-12.5259,12.5259,1
1,196,205,0,1,0,-36.6144,36.6144,1
2,196,205,0,1,0,-12.2952,12.2952,1
1,197,206,0,1,0,-33.9327,33.9327,1
2,197,206,0,1,0,-14.5062,14.5062,1
1,198,207,0,1,0,-17.1333,17.1333,1
2,198,207,0,1,0,-20.7369,20.7369,1
1,199,208,0,1,0,-8.4531,8.4531,1
2,199,208,0,1,0,-20.2422,20.2422,1
1,200,209,0,1,0,-0.3705,0.3705,1
2,200,209,0,1,0,-19.0137,19.0137,1
1,201,210,0,1,0,-4.905,4.905,1
2,201,210,0,1,0,-20.6451,20.6451,1
1,202,211,0,1,0,0.9864,0.9864,1
2,202,211,0,1,0,-5.0943,5.0943,1
1,203,212,0,1,0,15.1908,15.1908,1
2,203,212,0,1,0,4.8246,4.8246,1
1,204,213,0,1,0,21.0699,21.0699,1
2,204,213,0,1,0,2.7015,2.7015,1
1,205,214,0,1,0,30.2268,30.2268,1
2,205,214,0,1,0,8.3697,8.3697,1
1,206,215,0,1,0,31.368,31.368,1
2,206,215,0,1,0,24.558,24.558,1
1,207,216,0,1,0,22.7151,22.7151,1
2,207,216,0,1,0,36.7548,36.7548,1
1,208,217,0,1,0,22.3284,22.3284,1
2,208,217,0,1,0,51.8895,51.8895,1
1,209,218,0,1,0,18.0768,18.0768,1
2,209,218,0,1,0,52.9572,52.9572,1
1,210,219,0,1,0,17.6706,17.6706,1
2,210,219,0,1,0,65.4933,65.4933,1
1,211,220,0,1,0,18.2442,18.2442,1
2,211,220,0,1,0,64.4679,64.4679,1
1,212,221,0,1,0,9.2685,9.2685,1
2,212,221,0,1,0,63.177,63.177,1
1,213,222,0,1,0,0.1983,0.1983,1
2,213,222,0,1,0,58.902,58.902,1
1,214,223,0,1,0,-6.5073,6.5073,1
2,214,223,0,1,0,69.4473,69.4473,1
1,215,224,0,1,0,-7.7247,7.7247,1
2,215,224,0,1,0,66.2766,66.2766,1
1,216,225,0,1,0,-4.0638,4.0638,1
2,216,225,0,1,0,62.9856,62.9856,1
1,217,226,0,1,0,-5.2785,5.2785,1
2,217,226,0,1,0,53.1735,53.1735,1
1,218,227,0,1,0,-6.6753,6.6753,1
2,218,227,0,1,0,57.9582,57.9582,1
1,219,228,0,1,0,-0.6453,0.6453,1
2,219,228,0,1,0,48.012,48.012,1
1,220,229,0,1,0,-0.4206,0.4206,1
2,220,229,0,1,0,56.5344,56.5344,1
1,221,230,0,1,0,4.8975,4.8975,1
2,221,230,0,1,0,59.0784,59.0784,1
1,222,231,0,1,0,6.3573,6.3573,1
2,222,231,0,1,0,72.0315,72.0315,1
1,223,232,0,1,0,1.3833,1.3833,1
2,223,232,0,1,0,51.432,51.432,1
1,224,233,0,1,0,-3.09,3.09,1
2,224,233,0,1,0,33.1449,33.1449,1
1,225,234,0,1,0,-16.4016,16.4016,1
2,225,234,0,1,0,25.8336,25.8336,1
1,226,235,0,1,0,-18.4128,18.4128,1
2,226,235,0,1,0,-8.8935,8.8935,1
1,227,236,0,1,0,-26.4756,26.4756,1
2,227,236,0,1,0,-42.6714,42.6714,1
1,228,237,0,1,0,-32.2326,32.2326,1
2,228,237,0,1,0,-62.0949,62.0949,1
1,229,238,0,1,0,-41.3847,41.3847,1
2,229,238,0,1,0,-76.3476,76.3476,1
1,230,239,0,1,0,-49.5969,49.5969,1
2,230,239,0,1,0,-113.6595,113.6595,1
1,231,240,0,1,0,-54.0168,54.0168,1
2,231,240,0,1,0,-139.0605,139.0605,1
1,232,241,0,1,0,-62.0919,62.0919,1
2,232,241,0,1,0,-149.4072,149.4072,1
1,233,242,0,1,0,-67.7175,67.7175,1
2,233,242,0,1,0,-166.2147,166.2147,1
1,234,243,0,1,0,-73.6377,73.6377,1
2,234,243,0,1,0,-176.8338,176.8338,1
1,235,244,0,1,0,-89.5257,89.5257,1
2,235,244,0,1,0,-196.989,196.989,1
1,236,245,0,1,0,-90.2046,90.2046,1
2,236,245,0,1,0,-204.396,204.396,1
1,237,246,0,1,0,-103.6614,103.6614,1
2,237,246,0,1,0,-206.4459,206.4459,1
1,238,247,0,1,0,-109.3803,109.3803,1
2,238,247,0,1,0,-221.0118,221.0118,1
1,239,248,0,1,0,-120.5997,120.5997,1
2,239,248,0,1,0,-215.3124,215.3124,1
1,240,249,0,1,0,-143.9913,143.9913,1
2,240,249,0,1,0,-233.4486,233.4486,1
1,241,250,0,1,0,-164.0481,164.0481,1
2,241,250,0,1,0,-240.5769,240.5769,1
1,242,251,0,1,0,-170.2119,170.2119,1
2,242,251,0,1,0,-251.103,251.103,1
1,243,252,0,1,0,-164.478,164.478,1
2,243,252,0,1,0,-270.6585,270.6585,1
1,244,253,0,1,0,-163.1553,163.1553,1
2,244,253,0,1,0,-241.0911,241.0911,1
1,245,254,0,1,0,-168.9324,168.9324,1
2,245,254,0,1,0,-242.8698,242.8698,1
1,246,255,0,1,0,-178.8954,178.8954,1
2,246,255,0,1,0,-248.5296,248.5296,1
1,247,256,0,1,0,-181.2033,181.2033,1
2,247,256,0,1,0,-239.526,239.526,1
1,248,257,0,1,0,-181.1643,181.1643,1
2,248,257,0,1,0,-235.7853,235.7853,1
1,249,258,0,1,0,-166.2156,166.2156,1
2,249,258,0,1,0,-203.907,203.907,1
1,250,259,0,1,0,-149.2602,149.2602,1
2,250,259,0,1,0,-205.8417,205.8417,1
1,251,260,0,1,0,-149.5395,149.5395,1
2,251,260,0,1,0,-177.615,177.615,1
1,252,261,0,1,0,-163.143,163.143,1
2,252,261,0,1,0,-168.9258,168.9258,1
1,253,262,0,1,0,-157.8318,157.8318,1
2,253,262,0,1,0,-168.0918,168.0918,1
1,254,263,0,1,0,-152.7111,152.7111,1
2,254,263,0,1,0,-158.5176,158.5176,1
1,255,264,0,1,0,-142.9947,142.9947,1
2,255,264,0,1,0,-141.6957,141.6957,1
1,256,265,0,1,0,-139.4496,139.4496,1
2,256,265,0,1,0,-138.9474,138.9474,1
1,257,266,0,1,0,-136.8924,136.8924,1
2,257,266,0,1,0,-126.0165,126.0165,1
1,258,267,0,1,0,-151.5888,151.5888,1
2,258,267,0,1,0,-128.0253,128.0253,1
1,259,268,0,1,0,-142.698,142.698,1
2,259,268,0,1,0,-113.1231,113.1231,1
1,260,269,0,1,0,-133.9776,133.9776,1
2,260,269,0,1,0,-103.4148,103.4148,1
1,261,270,0,1,0,-116.6964,116.6964,1
2,261,270,0,1,0,-75.9501,75.9501,1
1,262,271,0,1,0,-110.8683,110.8683,1
2,262,271,0,1,0,-81.255,81.255,1
1,263,272,0,1,0,-108.2283,108.2283,1
2,263,272,0,1,0,-76.9659,76.9659,1
1,264,273,0,1,0,-89.5371,89.5371,1
2,264,273,0,1,0,-69.9363,69.9363,1
1,265,274,0,1,0,-91.506,91.506,1
2,265,274,0,1,0,-73.0905,73.0905,1
1,266,275,0,1,0,-76.8111,76.8111,1
2,266,275,0,1,0,-71.1267,71.1267,1
1,267,276,0,1,0,-66.2919,66.2919,1
2,267,276,0,1,0,-61.8486,61.8486,1
1,268,277,0,1,0,-64.9392,64.9392,1
2,268,277,0,1,0,-51.9381,51.9381,1
1,269,278,0,1,0,-64.2393,64.2393,1
2,269,278,0,1,0,-49.7709,49.7709,1
1,270,279,0,1,0,-72.5379,72.5379,1
2,270,279,0,1,0,-47.5713,47.5713,1
1,271,280,0,1,0,-73.9683,73.9683,1
2,271,280,0,1,0,-32.1843,32.1843,1
1,272,281,0,1,0,-73.3647,73.3647,1
2,272,281,0,1,0,-13.4214,13.4214,1
1,273,282,0,1,0,-74.616,74.616,1
2,273,282,0,1,0,-20.1063,20.1063,1
1,274,283,0,1,0,-65.9454,65.9454,1
2,274,283,0,1,0,-15.1272,15.1272,1
1,275,284,0,1,0,-68.0457,68.0457,1
2,275,284,0,1,0,-13.908,13.908,1
1,276,285,0,1,0,-56.136,56.136,1
2,276,285,0,1,0,-18.927,18.927,1
1,277,286,0,1,0,-59.3052,59.3052,1
2,277,286,0,1,0,-2.7753,2.7753,1
1,278,287,0,1,0,-55.2627,55.2627,1
2,278,287,0,1,0,-2.5917,2.5917,1
1,279,288,0,1,0,-32.1174,32.1174,1
2,279,288,0,1,0,-25.0065,25.0065,1
1,280,289,0,1,0,-29.1798,29.1798,1
2,280,289,0,1,0,-27.7266,27.7266,1
1,281,290,0,1,0,-29.6247,29.6247,1
2,281,290,0,1,0,-25.6986,25.6986,1
1,282,291,0,1,0,-37.0605,37.0605,1
2,282,291,0,1,0,-21.0423,21.0423,1
1,283,292,0,1,0,-42.525,42.525,1
2,283,292,0,1,0,-22.8957,22.8957,1
1,284,293,0,1,0,-37.1823,37.1823,1
2,284,293,0,1,0,-27.9063,27.9063,1
1,285,294,0,1,0,-25.6041,25.6041,1
2,285,294,0,1,0,-21.2004,21.2004,1
1,286,295,0,1,0,-23.4891,23.4891,1
2,286,295,0,1,0,-35.4948,35.4948,1
1,287,296,0,1,0,-28.3623,28.3623,1
2,287,296,0,1,0,-47.8401,47.8401,1
1,288,297,0,1,0,-35.0166,35.0166,1
2,288,297,0,1,0,-28.9953,28.9953,1
1,289,298,0,1,0,-29.7816,29.7816,1
2,289,298,0,1,0,-23.3322,23.3322,1
1,290,299,0,1,0,-24.6774,24.6774,1
2,290,299,0,1,0,-31.98,31.98,1
1,291,300,0,1,0,-16.2141,16.2141,1
2,291,300,0,1,0,-32.859,32.859,1
1,292,301,0,1,0,-7.6494,7.6494,1
2,292,301,0,1,0,-12.7989,12.7989,1
1,293,302,0,1,0,-13.752,13.752,1
2,293,302,0,1,0,-3.3615,3.3615,1
1,294,303,0,1,0,-14.2371,14.2371,1
2,294,303,0,1,0,-13.8822,13.8822,1
1,295,304,0,1,0,-17.0103,17.0103,1
2,295,304,0,1,0,-11.3916,11.3916,1
1,296,305,0,1,0,-19.6836,19.6836,1
2,296,305,0,1,0,9.9996,9.9996,1
1,297,306,0,1,0,-25.1835,25.1835,1
2,297,306,0,1,0,13.2876,13.2876,1
1,298,307,0,1,0,-34.8174,34.8174,1
2,298,307,0,1,0,10.1979,10.1979,1
1,299,308,0,1,0,-30.7014,30.7014,1
2,299,308,0,1,0,13.9461,13.9461,1
1,300,309,0,1,0,-42.7083,42.7083,1
2,300,309,0,1,0,25.1358,25.1358,1
1,301,310,0,1,0,-46.6398,46.6398,1
2,301,310,0,1,0,23.7855,23.7855,1
1,302,311,0,1,0,-39.9081,39.9081,1
2,302,311,0,1,0,8.0181,8.0181,1
1,303,312,0,1,0,-50.8968,50.8968,1
2,303,312,0,1,0,21.7554,21.7554,1
1,304,313,0,1,0,-58.2663,58.2663,1
2,304,313,0,1,0,13.5531,13.5531,1
1,305,314,0,1,0,-41.6898,41.6898,1
2,305,314,0,1,0,2.8596,2.8596,1
1,306,315,0,1,0,-68.2785,68.2785,1
2,306,315,0,1,0,-24.735,24.735,1
1,307,316,0,1,0,-63.4953,63.4953,1
2,307,316,0,1,0,-32.163,32.163,1
1,308,317,0,1,0,-86.3616,86.3616,1
2,308,317,0,1,0,-49.8678,49.8678,1
1,309,318,0,1,0,-81.0084,81.0084,1
2,309,318,0,1,0,-79.734,79.734,1
1,310,319,0,1,0,-89.8092,89.8092,1
2,310,319,0,1,0,-109.2927,109.2927,1
1,311,320,0,1,0,-95.5872,95.5872,1
2,311,320,0,1,0,-102.7599,102.7599,1
1,312,321,0,1,0,-113.8368,113.8368,1
2,312,321,0,1,0,-126.9318,126.9318,1
1,313,322,0,1,0,-104.2524,104.2524,1
2,313,322,0,1,0,-147.3339,147.3339,1
1,314,323,0,1,0,-119.6994,119.6994,1
2,314,323,0,1,0,-174.7641,174.7641,1
1,315,324,0,1,0,-105.5316,105.5316,1
2,315,324,0,1,0,-187.7325,187.7325,1
1,316,325,0,1,0,-129.3969,129.3969,1
2,316,325,0,1,0,-196.4289,196.4289,1
1,317,326,0,1,0,-119.1447,119.1447,1
2,317,326,0,1,0,-193.1451,193.1451,1
1,318,327,0,1,0,-127.0299,127.0299,1
2,318,327,0,1,0,-196.8159,196.8159,1
1,319,328,0,1,0,-128.1774,128.1774,1
2,319,328,0,1,0,-209.0988,209.0988,1
1,320,329,0,1,0,-146.9658,146.9658,1
2,320,329,0,1,0,-222.4041,222.4041,1
1,321,330,0,1,0,-133.9188,133.9188,1
2,321,330,0,1,0,-221.1552,221.1552,1
1,322,331,0,1,0,-140.7693,140.7693,1
2,322,331,0,1,0,-209.1177,209.1177,1
1,323,332,0,1,0,-136.0803,136.0803,1
2,323,332,0,1,0,-193.3407,193.3407,1
1,324,333,0,1,0,-135.5859,135.5859,1
2,324,333,0,1,0,-188.7321,188.7321,1
1,325,334,0,1,0,-132.0291,132.0291,1
2,325,334,0,1,0,-187.3734,187.3734,1
1,326,335,0,1,0,-155.6406,155.6406,1
2,326,335,0,1,0,-187.1643,187.1643,1
1,327,336,0,1,0,-160.6545,160.6545,1
2,327,336,0,1,0,-183.7629,183.7629,1
1,328,337,0,1,0,-152.8341,152.8341,1
2,328,337,0,1,0,-166.9026,166.9026,1
1,329,338,0,1,0,-137.3235,137.3235,1
2,329,338,0,1,0,-176.5164,176.5164,1
1,330,339,0,1,0,-145.0254,145.0254,1
2,330,339,0,1,0,-166.845,166.845,1
1,331,340,0,1,0,-134.8713,134.8713,1
2,331,340,0,1,0,-166.4241,166.4241,1
1,332,341,0,1,0,-133.6431,133.6431,1
2,332,341,0,1,0,-162.2205,162.2205,1
1,333,342,0,1,0,-124.8522,124.8522,1
2,333,342,0,1,0,-151.323,151.323,1
1,334,343,0,1,0,-105.5745,105.5745,1
2,334,343,0,1,0,-132.333,132.333,1
1,335,344,0,1,0,-79.3764,79.3764,1
2,335,344,0,1,0,-118.2057,118.2057,1
1,336,345,0,1,0,-64.6959,64.6959,1
2,336,345,0,1,0,-104.9373,104.9373,1
1,337,346,0,1,0,-65.6379,65.6379,1
2,337,346,0,1,0,-96.9939,96.9939,1
1,338,347,0,1,0,-62.6814,62.6814,1
2,338,347,0,1,0,-84.6114,84.6114,1
1,339,348,0,1,0,-47.0217,47.0217,1
2,339,348,0,1,0,-101.2512,101.2512,1
1,340,349,0,1,0,-51.3801,51.3801,1
2,340,349,0,1,0,-72.5175,72.5175,1
1,341,350,0,1,0,-68.3718,68.3718,1
2,341,350,0,1,0,-71.9355,71.9355,1
1,342,351,0,1,0,-94.5501,94.5501,1
2,342,351,0,1,0,-57.0111,57.0111,1
1,343,352,0,1,0,-78.6918,78.6918,1
2,343,352,0,1,0,-67.3494,67.3494,1
1,344,353,0,1,0,-76.6206,76.6206,1
2,344,353,0,1,0,-67.8288,67.8288,1
1,345,354,0,1,0,-82.7172,82.7172,1
2,345,354,0,1,0,-55.8567,55.8567,1
1,346,355,0,1,0,-86.6913,86.6913,1
2,346,355,0,1,0,-58.3761,58.3761,1
1,347,356,0,1,0,-87.9,87.9,1
2,347,356,0,1,0,-55.4904,55.4904,1
1,348,357,0,1,0,-91.0479,91.0479,1
2,348,357,0,1,0,-35.0364,35.0364,1
1,349,358,0,1,0,-84.7758,84.7758,1
2,349,358,0,1,0,-72.1761,72.1761,1
1,350,359,0,1,0,-71.7942,71.7942,1
2,350,359,0,1,0,-61.7133,61.7133,1
1,351,360,0,1,0,-47.424,47.424,1
2,351,360,0,1,0,-75.951,75.951,1
1,352,361,0,1,0,-78.1341,78.1341,1
2,352,361,0,1,0,-69.9462,69.9462,1
1,353,362,0,1,0,-77.8794,77.8794,1
2,353,362,0,1,0,-65.5641,65.5641,1
1,354,363,0,1,0,-79.2495,79.2495,1
2,354,363,0,1,0,-77.235,77.235,1
1,355,364,0,1,0,-79.8861,79.8861,1
2,355,364,0,1,0,-75.8937,75.8937,1
1,356,365,0,1,0,-74.6358,74.6358,1
2,356,365,0,1,0,-59.7729,59.7729,1
1,357,366,0,1,0,-86.6475,86.6475,1
2,357,366,0,1,0,-64.2999,64.2999,1
1,358,367,0,1,0,-94.4739,94.4739,1
2,358,367,0,1,0,-42.711,42.711,1
1,359,368,0,1,0,-102.3576,102.3576,1
2,359,368,0,1,0,-59.4393,59.4393,1
1,360,369,0,1,0,-97.1259,97.1259,1
2,360,369,0,1,0,-57.9216,57.9216,1
1,361,370,0,1,0,-96.6855,96.6855,1
2,361,370,0,1,0,-48.3687,48.3687,1
1,362,371,0,1,0,-104.8509,104.8509,1
2,362,371,0,1,0,-61.6356,61.6356,1
1,363,372,0,1,0,-105.951,105.951,1
2,363,372,0,1,0,-60.0369,60.0369,1
1,364,373,0,1,0,-96.0783,96.0783,1
2,364,373,0,1,0,-58.4502,58.4502,1
1,365,374,0,1,0,-104.1993,104.1993,1
2,365,374,0,1,0,-60.6447,60.6447,1
1,366,375,0,1,0,-96.9153,96.9153,1
2,366,375,0,1,0,-60.4284,60.4284,1
1,367,376,0,1,0,-83.6583,83.6583,1
2,367,376,0,1,0,-64.9464,64.9464,1
1,368,377,0,1,0,-70.1226,70.1226,1
2,368,377,0,1,0,-54.4383,54.4383,1
1,369,378,0,1,0,-69.3162,69.3162,1
2,369,378,0,1,0,-37.8678,37.8678,1
1,370,379,0,1,0,-55.0446,55.0446,1
2,370,379,0,1,0,-54.3531,54.3531,1
1,371,380,0,1,0,-48.0057,48.0057,1
2,371,380,0,1,0,-50.1774,50.1774,1
1,372,381,0,1,0,-40.2567,40.2567,1
2,372,381,0,1,0,-45.3351,45.3351,1
1,373,382,0,1,0,-37.7958,37.7958,1
2,373,382,0,1,0,-45.9705,45.9705,1
1,374,383,0,1,0,-33.2568,33.2568,1
2,374,383,0,1,0,-52.0695,52.0695,1
1,375,384,0,1,0,-42.0609,42.0609,1
2,375,384,0,1,0,-43.83,43.83,1
1,376,385,0,1,0,-52.2501,52.2501,1
2,376,385,0,1,0,-48.5037,48.5037,1
1,377,386,0,1,0,-54.3558,54.3558,1
2,377,386,0,1,0,-38.523,38.523,1
1,378,387,0,1,0,-57.195,57.195,1
2,378,387,0,1,0,-33.126,33.126,1
1,379,388,0,1,0,-53.0679,53.0679,1
2,379,388,0,1,0,-24.1488,24.1488,1
1,380,389,0,1,0,-55.4712,55.4712,1
2,380,389,0,1,0,-15.8928,15.8928,1
1,381,390,0,1,0,-66.5952,66.5952,1
2,381,390,0,1,0,-37.2984,37.2984,1
1,382,391,0,1,0,-80.0127,80.0127,1
2,382,391,0,1,0,-41.8668,41.8668,1
1,383,392,0,1,0,-95.0394,95.0394,1
2,383,392,0,1,0,-36.0267,36.0267,1
1,384,393,0,1,0,-103.2741,103.2741,1
2,384,393,0,1,0,-56.6628,56.6628,1
1,385,394,0,1,0,-109.2438,109.2438,1
2,385,394,0,1,0,-64.4691,64.4691,1
1,386,395,0,1,0,-103.8849,103.8849,1
2,386,395,0,1,0,-84.0039,84.0039,1
1,387,396,0,1,0,-104.4339,104.4339,1
2,387,396,0,1,0,-110.8266,110.8266,1
1,388,397,0,1,0,-125.0676,125.0676,1
2,388,397,0,1,0,-118.7715,118.7715,1
1,389,398,0,1,0,-125.1096,125.1096,1
2,389,398,0,1,0,-137.88,137.88,1
1,390,399,0,1,0,-120.9804,120.9804,1
2,390,399,0,1,0,-148.0398,148.0398,1
1,391,400,0,1,0,-107.8254,107.8254,1
2,391,400,0,1,0,-145.1898,145.1898,1
1,392,401,0,1,0,-99.6264,99.6264,1
2,392,401,0,1,0,-169.7826,169.7826,1
1,393,402,0,1,0,-90.8379,90.8379,1
2,393,402,0,1,0,-167.8716,167.8716,1
1,394,403,0,1,0,-84.6354,84.6354,1
2,394,403,0,1,0,-195.9585,195.9585,1
1,395,404,0,1,0,-106.5384,106.5384,1
2,395,404,0,1,0,-211.0401,211.0401,1
1,396,405,0,1,0,-118.5327,118.5327,1
2,396,405,0,1,0,-203.9178,203.9178,1
1,397,406,0,1,0,-120.9777,120.9777,1
2,397,406,0,1,0,-224.7474,224.7474,1
1,398,407,0,1,0,-118.761,118.761,1
2,398,407,0,1,0,-225.8223,225.8223,1
1,399,408,0,1,0,-117.6468,117.6468,1
2,399,408,0,1,0,-204.8226,204.8226,1
1,400,409,0,1,0,-130.9662,130.9662,1
2,400,409,0,1,0,-211.7238,211.7238,1
1,401,410,0,1,0,-145.0887,145.0887,1
2,401,410,0,1,0,-222.2121,222.2121,1
1,402,411,0,1,0,-140.9706,140.9706,1
2,402,411,0,1,0,-217.6149,217.6149,1
1,403,412,0,1,0,-157.5597,157.5597,1
2,403,412,0,1,0,-184.7523,184.7523,1
1,404,413,0,1,0,-150.8088,150.8088,1
2,404,413,0,1,0,-171.7059,171.7059,1
1,405,414,0,1,0,-159.2001,159.2001,1
2,405,414,0,1,0,-173.8938,173.8938,1
1,406,415,0,1,0,-155.076,155.076,1
2,406,415,0,1,0,-172.9188,172.9188,1
1,407,416,0,1,0,-168.0666,168.0666,1
2,407,416,0,1,0,-193.3782,193.3782,1
1,408,417,0,1,0,-171.8859,171.8859,1
2,408,417,0,1,0,-187.9617,187.9617,1
1,409,418,0,1,0,-191.43765,191.43765,1
2,409,418,0,1,0,-175.1559,175.1559,1
1,410,419,0,1,0,-180.02175,180.02175,1
2,410,419,0,1,0,-157.3533,157.3533,1
1,411,420,0,1,0,-170.96559,170.96559,1
2,411,420,0,1,0,-163.1799,163.1799,1
1,412,421,0,1,0,-163.08465,163.08465,1
2,412,421,0,1,0,-158.5629,158.5629,1
1,413,422,0,1,0,-139.09758,139.09758,1
2,413,422,0,1,0,-156.8238,156.8238,1
1,414,423,0,1,0,-128.52843,128.52843,1
2,414,423,0,1,0,-152.442,152.442,1
1,415,424,0,1,0,-128.8719,128.8719,1
2,415,424,0,1,0,-138.1359,138.1359,1
1,416,425,0,1,0,-119.75955,119.75955,1
2,416,425,0,1,0,-110.6826,110.6826,1
1,417,426,0,1,0,-115.6962,115.6962,1
2,417,426,0,1,0,-100.8684,100.8684,1
1,418,427,0,1,0,-95.7117,95.7117,1
2,418,427,0,1,0,-108.1197,108.1197,1
1,419,428,0,1,0,-98.34243,98.34243,1
2,419,428,0,1,0,-101.1423,101.1423,1
1,420,429,0,1,0,-108.18384,108.18384,1
2,420,429,0,1,0,-86.769,86.769,1
1,421,430,0,1,0,-96.19455,96.19455,1
2,421,430,0,1,0,-82.2963,82.2963,1
1,422,431,0,1,0,-127.2669,127.2669,1
2,422,431,0,1,0,-66.2637,66.2637,1
1,423,432,0,1,0,-121.36167,121.36167,1
2,423,432,0,1,0,-69.0726,69.0726,1
1,424,433,0,1,0,-103.78704,103.78704,1
2,424,433,0,1,0,-52.9128,52.9128,1
1,425,434,0,1,0,-102.74013,102.74013,1
2,425,434,0,1,0,-54.8016,54.8016,1
1,426,435,0,1,0,-103.45617,103.45617,1
2,426,435,0,1,0,-52.7079,52.7079,1
1,427,436,0,1,0,-92.04627,92.04627,1
2,427,436,0,1,0,-31.287,31.287,1
1,428,437,0,1,0,-96.47682,96.47682,1
2,428,437,0,1,0,-25.3638,25.3638,1
1,429,438,0,1,0,-95.94552,95.94552,1
2,429,438,0,1,0,-27.858,27.858,1
1,430,439,0,1,0,-91.53414,91.53414,1
2,430,439,0,1,0,-30.2049,30.2049,1
1,431,440,0,1,0,-83.19312,83.19312,1
2,431,440,0,1,0,-37.9974,37.9974,1
1,432,441,0,1,0,-81.12279,81.12279,1
2,432,441,0,1,0,-20.5182,20.5182,1
1,433,442,0,1,0,-102.95268,102.95268,1
2,433,442,0,1,0,-30.345,30.345,1
1,434,443,0,1,0,-110.98122,110.98122,1
2,434,443,0,1,0,-31.4616,31.4616,1
1,435,444,0,1,0,-113.64723,113.64723,1
2,435,444,0,1,0,-28.4919,28.4919,1
1,436,445,0,1,0,-127.37538,127.37538,1
2,436,445,0,1,0,-50.8272,50.8272,1
1,437,446,0,1,0,-117.12342,117.12342,1
2,437,446,0,1,0,-51.2292,51.2292,1
1,438,447,0,1,0,-109.04253,109.04253,1
2,438,447,0,1,0,-53.6151,53.6151,1
1,439,448,0,1,0,-128.72805,128.72805,1
2,439,448,0,1,0,-61.4208,61.4208,1
1,440,449,0,1,0,-137.3892,137.3892,1
2,440,449,0,1,0,-69.1908,69.1908,1
1,441,450,0,1,0,-137.03631,137.03631,1
2,441,450,0,1,0,-69.0666,69.0666,1
1,442,451,0,1,0,-128.19318,128.19318,1
2,442,451,0,1,0,-65.4714,65.4714,1
1,443,452,0,1,0,-121.56858,121.56858,1
2,443,452,0,1,0,-51.132,51.132,1
1,444,453,0,1,0,-122.7573,122.7573,1
2,444,453,0,1,0,-61.7526,61.7526,1
1,445,454,0,1,0,-126.69678,126.69678,1
2,445,454,0,1,0,-70.4604,70.4604,1
1,446,455,0,1,0,-130.42503,130.42503,1
2,446,455,0,1,0,-67.7853,67.7853,1
1,447,456,0,1,0,-132.46122,132.46122,1
2,447,456,0,1,0,-60.4707,60.4707,1
1,448,457,0,1,0,-130.12761,130.12761,1
2,448,457,0,1,0,-49.4352,49.4352,1
1,449,458,0,1,0,-107.40012,107.40012,1
2,449,458,0,1,0,-37.7844,37.7844,1
1,450,459,0,1,0,-110.92485,110.92485,1
2,450,459,0,1,0,-28.6812,28.6812,1
1,451,460,0,1,0,-109.0458,109.0458,1
2,451,460,0,1,0,-33.8016,33.8016,1
1,452,461,0,1,0,-116.99934,116.99934,1
2,452,461,0,1,0,-49.6596,49.6596,1
1,453,462,0,1,0,-112.17864,112.17864,1
2,453,462,0,1,0,-46.9668,46.9668,1
1,454,463,0,1,0,-99.31152,99.31152,1
2,454,463,0,1,0,-34.146,34.146,1
1,455,464,0,1,0,-105.50697,105.50697,1
2,455,464,0,1,0,-33.8604,33.8604,1
1,456,465,0,1,0,-108.3459,108.3459,1
2,456,465,0,1,0,-51.1233,51.1233,1
1,457,466,0,1,0,-99.1848,99.1848,1
2,457,466,0,1,0,-45.8412,45.8412,1
1,458,467,0,1,0,-107.73228,107.73228,1
2,458,467,0,1,0,-40.0851,40.0851,1
1,459,468,0,1,0,-102.6861,102.6861,1
2,459,468,0,1,0,-73.6812,73.6812,1
1,460,469,0,1,0,-96.61095,96.61095,1
2,460,469,0,1,0,-82.1928,82.1928,1
1,461,470,0,1,0,-76.28901,76.28901,1
2,461,470,0,1,0,-90.6093,90.6093,1
1,462,471,0,1,0,-79.93284,79.93284,1
2,462,471,0,1,0,-101.3823,101.3823,1
1,463,472,0,1,0,-87.78768,87.78768,1
2,463,472,0,1,0,-115.1094,115.1094,1
1,464,473,0,1,0,-71.29773,71.29773,1
2,464,473,0,1,0,-134.292,134.292,1
1,465,474,0,1,0,-70.84875,70.84875,1
2,465,474,0,1,0,-128.2209,128.2209,1
1,466,475,0,1,0,-77.31159,77.31159,1
2,466,475,0,1,0,-148.9713,148.9713,1
1,467,476,0,1,0,-82.61082,82.61082,1
2,467,476,0,1,0,-197.9643,197.9643,1
1,468,477,0,1,0,-87.37785,87.37785,1
2,468,477,0,1,0,-193.6563,193.6563,1
1,469,478,0,1,0,-94.54065,94.54065,1
2,469,478,0,1,0,-192.8193,192.8193,1
1,470,479,0,1,0,-102.69312,102.69312,1
2,470,479,0,1,0,-201.0198,201.0198,1
1,471,480,0,1,0,-117.31671,117.31671,1
2,471,480,0,1,0,-208.8792,208.8792,1
1,472,481,0,1,0,-93.52992,93.52992,1
2,472,481,0,1,0,-206.9928,206.9928,1
1,473,482,0,1,0,-98.43,98.43,1
2,473,482,0,1,0,-208.542,208.542,1
1,474,483,0,1,0,-100.92426,100.92426,1
2,474,483,0,1,0,-214.4322,214.4322,1
1,475,484,0,1,0,-105.94071,105.94071,1
2,475,484,0,1,0,-188.0472,188.0472,1
1,476,485,0,1,0,-115.65513,115.65513,1
2,476,485,0,1,0,-177.2472,177.2472,1
1,477,486,0,1,0,-110.4012,110.4012,1
2,477,486,0,1,0,-194.9898,194.9898,1
1,478,487,0,1,0,-117.14502,117.14502,1
2,478,487,0,1,0,-200.817,200.817,1
1,479,488,0,1,0,-124.72206,124.72206,1
2,479,488,0,1,0,-184.7469,184.7469,1
1,480,489,0,1,0,-108.38403,108.38403,1
2,480,489,0,1,0,-197.3313,197.3313,1
1,481,490,0,1,0,-124.5114,124.5114,1
2,481,490,0,1,0,-209.0853,209.0853,1
1,482,491,0,1,0,-123.37467,123.37467,1
2,482,491,0,1,0,-201.9912,201.9912,1
1,483,492,0,1,0,-115.47771,115.47771,1
2,483,492,0,1,0,-184.6173,184.6173,1
1,484,493,0,1,0,-105.13143,105.13143,1
2,484,493,0,1,0,-209.0793,209.0793,1
1,485,494,0,1,0,-94.51125,94.51125,1
2,485,494,0,1,0,-196.9188,196.9188,1
1,486,495,0,1,0,-96.39735,96.39735,1
2,486,495,0,1,0,-181.4811,181.4811,1
1,487,496,0,1,0,-91.15806,91.15806,1
2,487,496,0,1,0,-179.7459,179.7459,1
1,488,497,0,1,0,-71.85897,71.85897,1
2,488,497,0,1,0,-190.6338,190.6338,1
1,489,498,0,1,0,-75.58215,75.58215,1
2,489,498,0,1,0,-134.2107,134.2107,1
1,490,499,0,1,0,-83.30592,83.30592,1
2,490,499,0,1,0,-131.5977,131.5977,1
1,491,500,0,1,0,-88.75428,88.75428,1
2,491,500,0,1,0,-115.9941,115.9941,1
1,492,501,0,1,0,-92.06418,92.06418,1
2,492,501,0,1,0,-121.9695,121.9695,1
1,493,502,0,1,0,-87.35955,87.35955,1
2,493,502,0,1,0,-127.2003,127.2003,1
1,494,503,0,1,0,-85.656,85.656,1
2,494,503,0,1,0,-113.0856,113.0856,1
1,495,504,0,1,0,1263.62745,1263.62745,1
2,495,504,0,1,0,-1448.25465,1448.25465,1
1,496,505,0,1,0,1270.84458,1270.84458,1
2,496,505,0,1,0,-1452.9801,1452.9801,1
1,497,506,0,1,0,1260.76308,1260.76308,1
2,497,506,0,1,0,-1435.31382,1435.31382,1
1,498,507,0,1,0,1258.00227,1258.00227,1
2,498,507,0,1,0,-1468.5312,1468.5312,1
1,499,508,0,1,0,1257.11952,1257.11952,1
2,499,508,0,1,0,-1451.79402,1451.79402,1
1,500,509,0,1,0,1265.8371,1265.8371,1
2,500,509,0,1,0,-1471.39902,1471.39902,1
1,501,510,0,1,0,1260.2463,1260.2463,1
2,501,510,0,1,0,-1483.6257,1483.6257,1
1,502,511,0,1,0,1247.47128,1247.47128,1
2,502,511,0,1,0,-1467.29688,1467.29688,1
1,503,512,0,1,0,1237.9113,1237.9113,1
2,503,512,0,1,0,-1468.80975,1468.80975,1
1,504,513,0,1,0,-119.8068,119.8068,1
2,504,513,0,1,0,-123.9699,123.9699,1
1,505,514,0,1,0,-1485.0204,1485.0204,1
2,505,514,0,1,0,1240.9713,1240.9713,1
1,506,515,0,1,0,-1480.6545,1480.6545,1
2,506,515,0,1,0,1229.80692,1229.80692,1
1,507,516,0,1,0,-1478.6469,1478.6469,1
2,507,516,0,1,0,1229.5461,1229.5461,1
1,508,517,0,1,0,-1476.39912,1476.39912,1
2,508,517,0,1,0,1226.38452,1226.38452,1
1,509,518,0,1,0,-1482.64137,1482.64137,1
2,509,518,0,1,0,1222.80732,1222.80732,1
1,510,519,0,1,0,-1491.7059,1491.7059,1
2,510,519,0,1,0,1228.4631,1228.4631,1
1,511,520,0,1,0,-1487.84049,1487.84049,1
2,511,520,0,1,0,1229.64498,1229.64498,1
1,512,521,0,1,0,-1487.2086,1487.2086,1
2,512,521,0,1,0,1238.81445,1238.81445,1
1,513,522,0,1,0,-1499.4069,1499.4069,1
2,513,522,0,1,0,1239.84735,1239.84735,1
1,514,523,0,1,0,-150.34593,150.34593,1
2,514,523,0,1,0,-120.7647,120.7647,1
1,515,524,0,1,0,-164.79165,164.79165,1
2,515,524,0,1,0,-116.9691,116.9691,1
1,516,525,0,1,0,-187.4145,187.4145,1
2,516,525,0,1,0,-122.4327,122.4327,1
1,517,526,0,1,0,-195.04329,195.04329,1
2,517,526,0,1,0,-99.0228,99.0228,1
1,518,527,0,1,0,-215.07795,215.07795,1
2,518,527,0,1,0,-90.5757,90.5757,1
1,519,528,0,1,0,-197.5809,197.5809,1
2,519,528,0,1,0,-105.0378,105.0378,1
1,520,529,0,1,0,-202.30713,202.30713,1
2,520,529,0,1,0,-103.28391,103.28391,1
1,521,530,0,1,0,-208.0206,208.0206,1
2,521,530,0,1,0,-110.63895,110.63895,1
1,522,531,0,1,0,-201.43122,201.43122,1
2,522,531,0,1,0,-111.28155,111.28155,1
1,523,532,0,1,0,-188.74305,188.74305,1
2,523,532,0,1,0,-95.6628,95.6628,1
1,524,533,0,1,0,-181.41096,181.41096,1
2,524,533,0,1,0,-102.29319,102.29319,1
1,525,534,0,1,0,-158.26005,158.26005,1
2,525,534,0,1,0,-98.04351,98.04351,1
1,526,535,0,1,0,1317.85911,1317.85911,1
2,526,535,0,1,0,-1593.83925,1593.83925,1
1,527,536,0,1,0,-146.24289,146.24289,1
2,527,536,0,1,0,-123.74601,123.74601,1
1,528,537,0,1,0,1295.4552,1295.4552,1
2,528,537,0,1,0,-1592.6145,1592.6145,1
1,529,538,0,1,0,1291.84512,1291.84512,1
2,529,538,0,1,0,-1597.86156,1597.86156,1
1,530,539,0,1,0,1312.8951,1312.8951,1
2,530,539,0,1,0,-1615.33263,1615.33263,1
1,531,540,0,1,0,1324.09758,1324.09758,1
2,531,540,0,1,0,-1617.192,1617.192,1
1,532,541,0,1,0,1316.65836,1316.65836,1
2,532,541,0,1,0,-1627.03758,1627.03758,1
1,533,542,0,1,0,1338.50199,1338.50199,1
2,533,542,0,1,0,-1610.21076,1610.21076,1
1,534,543,0,1,0,1339.45425,1339.45425,1
2,534,543,0,1,0,-1605.85599,1605.85599,1
1,535,544,0,1,0,-134.77242,134.77242,1
2,535,544,0,1,0,-128.55375,128.55375,1
1,536,545,0,1,0,1338.38169,1338.38169,1
2,536,545,0,1,0,-1599.93639,1599.93639,1
1,537,546,0,1,0,-117.915,117.915,1
2,537,546,0,1,0,-109.4646,109.4646,1
1,538,547,0,1,0,-1551.43347,1551.43347,1
2,538,547,0,1,0,1338.53247,1338.53247,1
1,539,548,0,1,0,-1560.7182,1560.7182,1
2,539,548,0,1,0,1332.68778,1332.68778,1
1,540,549,0,1,0,-1566.89037,1566.89037,1
2,540,549,0,1,0,1330.95705,1330.95705,1
1,541,550,0,1,0,-1580.47038,1580.47038,1
2,541,550,0,1,0,1332.86145,1332.86145,1
1,542,551,0,1,0,-1608.01236,1608.01236,1
2,542,551,0,1,0,1322.06913,1322.06913,1
1,543,552,0,1,0,-1612.61961,1612.61961,1
2,543,552,0,1,0,1290.5829,1290.5829,1
1,544,553,0,1,0,-1614.01533,1614.01533,1
2,544,553,0,1,0,1275.0333,1275.0333,1
1,545,554,0,1,0,-1599.52287,1599.52287,1
2,545,554,0,1,0,1294.06572,1294.06572,1
1,546,555,0,1,0,-1594.7193,1594.7193,1
2,546,555,0,1,0,1284.5673,1284.5673,1
1,547,556,0,1,0,-156.08955,156.08955,1
2,547,556,0,1,0,-168.10485,168.10485,1
1,548,557,0,1,0,-166.74012,166.74012,1
2,548,557,0,1,0,-162.93657,162.93657,1
1,549,558,0,1,0,-163.93611,163.93611,1
2,549,558,0,1,0,-169.94172,169.94172,1
1,550,559,0,1,0,-136.8552,136.8552,1
2,550,559,0,1,0,-177.29556,177.29556,1
1,551,560,0,1,0,-131.51637,131.51637,1
2,551,560,0,1,0,-188.43018,188.43018,1
1,552,561,0,1,0,-130.07199,130.07199,1
2,552,561,0,1,0,-173.10309,173.10309,1
1,553,562,0,1,0,-121.95033,121.95033,1
2,553,562,0,1,0,-141.83745,141.83745,1
1,554,563,0,1,0,-126.70284,126.70284,1
2,554,563,0,1,0,-169.34874,169.34874,1
1,555,564,0,1,0,-128.86641,128.86641,1
2,555,564,0,1,0,-182.6205,182.6205,1
1,556,565,0,1,0,-128.24718,128.24718,1
2,556,565,0,1,0,-181.36797,181.36797,1
1,557,566,0,1,0,-131.40828,131.40828,1
2,557,566,0,1,0,-175.75836,175.75836,1
1,558,567,0,1,0,-133.8603,133.8603,1
2,558,567,0,1,0,-183.77973,183.77973,1
1,559,568,0,1,0,-142.6581,142.6581,1
2,559,568,0,1,0,-181.61205,181.61205,1
1,560,569,0,1,0,-147.4608,147.4608,1
2,560,569,0,1,0,-163.30428,163.30428,1
1,561,570,0,1,0,-143.01672,143.01672,1
2,561,570,0,1,0,-144.19356,144.19356,1
1,562,571,0,1,0,-137.31324,137.31324,1
2,562,571,0,1,0,-154.46025,154.46025,1
1,563,572,0,1,0,-137.32017,137.32017,1
2,563,572,0,1,0,-136.99848,136.99848,1
1,564,573,0,1,0,-132.01569,132.01569,1
2,564,573,0,1,0,-117.15129,117.15129,1
1,565,574,0,1,0,1262.38515,1262.38515,1
2,565,574,0,1,0,-1508.754,1508.754,1
1,566,575,0,1,0,-115.44741,115.44741,1
2,566,575,0,1,0,-89.70237,89.70237,1
1,567,576,0,1,0,-115.22478,115.22478,1
2,567,576,0,1,0,-71.96445,71.96445,1
1,568,577,0,1,0,-105.88746,105.88746,1
2,568,577,0,1,0,-64.80606,64.80606,1
1,569,578,0,1,0,1298.24805,1298.24805,1
2,569,578,0,1,0,-1488.59622,1488.59622,1
1,570,579,0,1,0,1303.8117,1303.8117,1
2,570,579,0,1,0,-1505.62263,1505.62263,1
1,571,580,0,1,0,1292.0811,1292.0811,1
2,571,580,0,1,0,-1519.07181,1519.07181,1
1,572,581,0,1,0,1286.7066,1286.7066,1
2,572,581,0,1,0,-1516.39305,1516.39305,1
1,573,582,0,1,0,1279.1643,1279.1643,1
2,573,582,0,1,0,-1537.62579,1537.62579,1
1,574,583,0,1,0,-124.46295,124.46295,1
2,574,583,0,1,0,-126.67419,126.67419,1
1,575,584,0,1,0,1255.90941,1255.90941,1
2,575,584,0,1,0,-1535.57772,1535.57772,1
1,576,585,0,1,0,1255.33539,1255.33539,1
2,576,585,0,1,0,-1546.9179,1546.9179,1
1,577,586,0,1,0,1241.48886,1241.48886,1
2,577,586,0,1,0,-1554.62058,1554.62058,1
1,578,587,0,1,0,-174.01122,174.01122,1
2,578,587,0,1,0,-133.93041,133.93041,1
1,579,588,0,1,0,-184.2069,184.2069,1
2,579,588,0,1,0,-128.5257,128.5257,1
1,580,589,0,1,0,-179.38914,179.38914,1
2,580,589,0,1,0,-126.15039,126.15039,1
1,581,590,0,1,0,-1547.9073,1547.9073,1
2,581,590,0,1,0,1232.27295,1232.27295,1
1,582,591,0,1,0,-1548.36462,1548.36462,1
2,582,591,0,1,0,1251.43038,1251.43038,1
1,583,592,0,1,0,-1548.53775,1548.53775,1
2,583,592,0,1,0,1228.49964,1228.49964,1
1,584,593,0,1,0,-1549.95198,1549.95198,1
2,584,593,0,1,0,1207.09164,1207.09164,1
1,585,594,0,1,0,-1564.63689,1564.63689,1
2,585,594,0,1,0,1207.14003,1207.14003,1
1,586,595,0,1,0,-1579.4757,1579.4757,1
2,586,595,0,1,0,1204.66263,1204.66263,1
1,587,596,0,1,0,-1572.50388,1572.50388,1
2,587,596,0,1,0,1209.26421,1209.26421,1
1,588,597,0,1,0,-1572.79623,1572.79623,1
2,588,597,0,1,0,1197.51027,1197.51027,1
1,589,598,0,1,0,-1581.81243,1581.81243,1
2,589,598,0,1,0,1186.40841,1186.40841,1
1,590,599,0,1,0,-219.29595,219.29595,1
2,590,599,0,1,0,-199.3755,199.3755,1
1,591,600,0,1,0,-232.30578,232.30578,1
2,591,600,0,1,0,-211.83765,211.83765,1
1,592,601,0,1,0,-245.77749,245.77749,1
2,592,601,0,1,0,-226.41813,226.41813,1
1,593,602,0,1,0,-243.67641,243.67641,1
2,593,602,0,1,0,-234.44052,234.44052,1
1,594,603,0,1,0,-244.359,244.359,1
2,594,603,0,1,0,-233.68443,233.68443,1
1,595,604,0,1,0,-229.53261,229.53261,1
2,595,604,0,1,0,-224.54577,224.54577,1
1,596,605,0,1,0,-242.42268,242.42268,1
2,596,605,0,1,0,-245.24982,245.24982,1
1,597,606,0,1,0,-232.89015,232.89015,1
2,597,606,0,1,0,-241.62387,241.62387,1
1,598,607,0,1,0,-229.94421,229.94421,1
2,598,607,0,1,0,-266.52819,266.52819,1
1,599,608,0,1,0,-213.84075,213.84075,1
2,599,608,0,1,0,-258.9312,258.9312,1
1,600,609,0,1,0,1137.94986,1137.94986,1
2,600,609,0,1,0,-1589.04627,1589.04627,1
1,601,610,0,1,0,1155.46947,1155.46947,1
2,601,610,0,1,0,-1571.99022,1571.99022,1
1,602,611,0,1,0,1165.77192,1165.77192,1
2,602,611,0,1,0,-1556.3445,1556.3445,1
1,603,612,0,1,0,1195.70388,1195.70388,1
2,603,612,0,1,0,-1557.8661,1557.8661,1
1,604,613,0,1,0,1202.75664,1202.75664,1
2,604,613,0,1,0,-1556.64678,1556.64678,1
1,605,614,0,1,0,1212.95475,1212.95475,1
2,605,614,0,1,0,-1535.29323,1535.29323,1
1,606,615,0,1,0,1212.17976,1212.17976,1
2,606,615,0,1,0,-1525.6722,1525.6722,1
1,607,616,0,1,0,1216.2489,1216.2489,1
2,607,616,0,1,0,-1484.53122,1484.53122,1
1,608,617,0,1,0,1196.0895,1196.0895,1
2,608,617,0,1,0,-1472.2845,1472.2845,1
1,609,618,0,1,0,-126.30621,126.30621,1
2,609,618,0,1,0,-129.74568,129.74568,1
1,610,619,0,1,0,-109.23843,109.23843,1
2,610,619,0,1,0,-129.01413,129.01413,1
1,611,620,0,1,0,-116.04273,116.04273,1
2,611,620,0,1,0,-118.31169,118.31169,1
1,612,621,0,1,0,-132.65268,132.65268,1
2,612,621,0,1,0,-106.24962,106.24962,1
1,613,622,0,1,0,-142.99023,142.99023,1
2,613,622,0,1,0,-108.0147,108.0147,1
1,614,623,0,1,0,-133.57227,133.57227,1
2,614,623,0,1,0,-118.75875,118.75875,1
1,615,624,0,1,0,-132.43458,132.43458,1
2,615,624,0,1,0,-113.07393,113.07393,1
1,616,625,0,1,0,-1444.1505,1444.1505,1
2,616,625,0,1,0,1219.9863,1219.9863,1
1,617,626,0,1,0,-1428.7368,1428.7368,1
2,617,626,0,1,0,1229.71989,1229.71989,1
1,618,627,0,1,0,-1436.01255,1436.01255,1
2,618,627,0,1,0,1229.23878,1229.23878,1
1,619,628,0,1,0,-1443.9267,1443.9267,1
2,619,628,0,1,0,1229.20527,1229.20527,1
1,620,629,0,1,0,-1430.97525,1430.97525,1
2,620,629,0,1,0,1221.63099,1221.63099,1
1,621,630,0,1,0,-1424.4909,1424.4909,1
2,621,630,0,1,0,1219.64424,1219.64424,1
1,622,631,0,1,0,-1413.85134,1413.85134,1
2,622,631,0,1,0,1200.9957,1200.9957,1
1,623,632,0,1,0,-1416.354,1416.354,1
2,623,632,0,1,0,1215.03189,1215.03189,1
1,624,633,0,1,0,-1423.5159,1423.5159,1
2,624,633,0,1,0,1219.15539,1219.15539,1
1,625,634,0,1,0,-131.42358,131.42358,1
2,625,634,0,1,0,-99.42819,99.42819,1
1,626,635,0,1,0,-129.21168,129.21168,1
2,626,635,0,1,0,-127.58964,127.58964,1
1,627,636,0,1,0,-136.85805,136.85805,1
2,627,636,0,1,0,-130.55193,130.55193,1
1,628,637,0,1,0,-143.59011,143.59011,1
2,628,637,0,1,0,-130.13436,130.13436,1
1,629,638,0,1,0,-142.88895,142.88895,1
2,629,638,0,1,0,-116.0757,116.0757,1
1,630,639,0,1,0,-136.65288,136.65288,1
2,630,639,0,1,0,-118.56522,118.56522,1
1,631,640,0,1,0,-128.78898,128.78898,1
2,631,640,0,1,0,-99.69018,99.69018,1
1,632,641,0,1,0,-122.09889,122.09889,1
2,632,641,0,1,0,-121.69929,121.69929,1
1,633,642,0,0,1,-109.27749,109.27749,1
2,633,642,0,0,1,-117.67188,117.67188,1
1,634,643,0,0,1,-74.27061,74.27061,1
2,634,643,0,0,1,-142.14282,142.14282,1
1,635,644,0,0,1,-65.94165,65.94165,1
2,635,644,0,0,1,-123.94755,123.94755,1
1,636,645,0,0,1,-56.52201,56.52201,1
2,636,645,0,0,1,-124.47345,124.47345,1
1,637,646,0,0,1,-43.785,43.785,1
2,637,646,0,0,1,-132.22761,132.22761,1
1,638,647,0,0,1,-49.81683,49.81683,1
2,638,647,0,0,1,-137.53335,137.53335,1
1,639,648,0,0,1,-50.60613,50.60613,1
2,639,648,0,0,1,-135.5379,135.5379,1
1,640,649,0,0,1,-54.32808,54.32808,1
2,640,649,0,0,1,-149.85792,149.85792,1
1,641,650,0,0,1,-53.90988,53.90988,1
2,641,650,0,0,1,-139.8012,139.8012,1
1,642,651,0,0,1,-59.97618,59.97618,1
2,642,651,0,0,1,-147.5958,147.5958,1
1,643,652,0,0,1,-68.9175,68.9175,1
2,643,652,0,0,1,-125.09961,125.09961,1
1,644,653,0,0,1,1144.98828,1144.98828,1
2,644,653,0,0,1,-1342.88307,1342.88307,1
1,645,654,0,0,1,1137.89316,1137.89316,1
2,645,654,0,0,1,-1344.52983,1344.52983,1
1,646,655,0,0,1,1124.05881,1124.05881,1
2,646,655,0,0,1,-1327.99143,1327.99143,1
1,647,656,0,0,1,1124.22915,1124.22915,1
2,647,656,0,0,1,-1333.72794,1333.72794,1
1,648,657,0,0,1,1108.33893,1108.33893,1
2,648,657,0,0,1,-1352.72193,1352.72193,1
1,649,658,0,0,1,1091.0607,1091.0607,1
2,649,658,0,0,1,-1339.67805,1339.67805,1
1,650,659,0,0,1,1054.70037,1054.70037,1
2,650,659,0,0,1,-1334.77416,1334.77416,1
1,651,660,0,0,1,1043.3886,1043.3886,1
2,651,660,0,0,1,-1340.6898,1340.6898,1
1,652,661,0,0,1,1044.26616,1044.26616,1
2,652,661,0,0,1,-1359.22419,1359.22419,1
1,653,662,0,0,1,-184.75284,184.75284,1
2,653,662,0,0,1,-134.96301,134.96301,1
1,654,663,0,0,1,-190.33542,190.33542,1
2,654,663,0,0,1,-127.18269,127.18269,1
1,655,664,0,0,1,-176.08272,176.08272,1
2,655,664,0,0,1,-139.17282,139.17282,1
1,656,665,0,0,1,-174.14622,174.14622,1
2,656,665,0,0,1,-132.0405,132.0405,1
1,657,666,0,0,1,-165.8868,165.8868,1
2,657,666,0,0,1,-111.47436,111.47436,1
1,658,667,0,0,1,-154.08966,154.08966,1
2,658,667,0,0,1,-109.75791,109.75791,1
1,659,668,0,0,1,-112.73448,112.73448,1
2,659,668,0,0,1,-123.77685,123.77685,1
1,660,669,0,0,1,-89.15166,89.15166,1
2,660,669,0,0,1,-130.95654,130.95654,1
1,661,670,0,0,1,-87.39777,87.39777,1
2,661,670,0,0,1,-105.23259,105.23259,1
1,662,671,0,0,1,-80.13306,80.13306,1
2,662,671,0,0,1,-113.28558,113.28558,1
1,663,672,0,0,1,-70.21458,70.21458,1
2,663,672,0,0,1,-134.10852,134.10852,1
1,664,673,0,0,1,-59.04198,59.04198,1
2,664,673,0,0,1,-127.17894,127.17894,1
1,665,674,0,0,1,-48.32322,48.32322,1
2,665,674,0,0,1,-117.05511,117.05511,1
1,666,675,0,0,1,-40.72782,40.72782,1
2,666,675,0,0,1,-116.04582,116.04582,1
1,667,676,0,0,1,-31.95462,31.95462,1
2,667,676,0,0,1,-111.61431,111.61431,1
1,668,677,0,0,1,-1287.36486,1287.36486,1
2,668,677,0,0,1,1145.70531,1145.70531,1
1,669,678,0,0,1,-43.09185,43.09185,1
2,669,678,0,0,1,-106.57017,106.57017,1
1,670,679,0,0,1,-37.67322,37.67322,1
2,670,679,0,0,1,-130.56732,130.56732,1
1,671,680,0,0,1,-25.67385,25.67385,1
2,671,680,0,0,1,-123.60054,123.60054,1
1,672,681,0,0,1,-24.38982,24.38982,1
2,672,681,0,0,1,-106.55835,106.55835,1
1,673,682,0,0,1,-47.03925,47.03925,1
2,673,682,0,0,1,-105.83922,105.83922,1
1,674,683,0,0,1,-60.366,60.366,1
2,674,683,0,0,1,-113.99862,113.99862,1
1,675,684,0,0,1,-54.18693,54.18693,1
2,675,684,0,0,1,-118.58241,118.58241,1
1,676,685,0,0,1,-55.63341,55.63341,1
2,676,685,0,0,1,-123.14583,123.14583,1
1,677,686,0,0,1,1203.32346,1203.32346,1
2,677,686,0,0,1,-1362.30879,1362.30879,1
1,678,687,0,0,1,-38.2821,38.2821,1
2,678,687,0,0,1,-92.79372,92.79372,1
1,679,688,0,0,1,-49.65378,49.65378,1
2,679,688,0,0,1,-67.86978,67.86978,1
1,680,689,0,0,1,-52.23357,52.23357,1
2,680,689,0,0,1,-59.39325,59.39325,1
1,681,690,0,0,1,-40.47948,40.47948,1
2,681,690,0,0,1,-34.09983,34.09983,1
1,682,691,0,0,1,-30.52035,30.52035,1
2,682,691,0,0,1,-19.33725,19.33725,1
1,683,692,0,0,1,-13.43988,13.43988,1
2,683,692,0,0,1,-23.52474,23.52474,1
1,684,693,0,0,1,6.20913,6.20913,1
2,684,693,0,0,1,-28.15197,28.15197,1
1,685,694,0,0,1,18.72279,18.72279,1
2,685,694,0,0,1,-26.47908,26.47908,1
1,686,695,0,0,1,19.58826,19.58826,1
2,686,695,0,0,1,-21.14934,21.14934,1
1,687,696,0,0,1,-5.21079,5.21079,1
2,687,696,0,0,1,-16.43838,16.43838,1
1,688,697,0,0,1,14.93445,14.93445,1
2,688,697,0,0,1,-53.89845,53.89845,1
1,689,698,0,0,1,1.91547,1.91547,1
2,689,698,0,0,1,-75.7932,75.7932,1
1,690,699,0,0,1,7.0047,7.0047,1
2,690,699,0,0,1,-96.75438,96.75438,1
1,691,700,0,0,1,20.13855,20.13855,1
2,691,700,0,0,1,-81.44427,81.44427,1
1,692,701,0,0,1,25.23225,25.23225,1
2,692,701,0,0,1,-59.83515,59.83515,1
1,693,702,0,0,1,-2.42532,2.42532,1
2,693,702,0,0,1,-19.59039,19.59039,1
1,694,703,0,0,1,-3.79422,3.79422,1
2,694,703,0,0,1,-1.13127,1.13127,1
1,695,704,0,0,1,-4.57998,4.57998,1
2,695,704,0,0,1,-17.30667,17.30667,1
1,696,705,0,0,1,13.96329,13.96329,1
2,696,705,0,0,1,-27.77214,27.77214,1
1,697,706,0,0,1,5.75745,5.75745,1
2,697,706,0,0,1,-7.42749,7.42749,1
1,698,707,0,0,1,15.3972,15.3972,1
2,698,707,0,0,1,3.41811,3.41811,1
1,699,708,0,0,1,3.8748,3.8748,1
2,699,708,0,0,1,5.43159,5.43159,1
1,700,709,0,0,1,0.63816,0.63816,1
2,700,709,0,0,1,-9.62892,9.62892,1
1,701,710,0,0,1,-3.22056,3.22056,1
2,701,710,0,0,1,-18.92238,18.92238,1
1,702,711,0,0,1,6.33531,6.33531,1
2,702,711,0,0,1,-37.02969,37.02969,1
1,703,712,0,0,1,-9.98808,9.98808,1
2,703,712,0,0,1,-38.66427,38.66427,1
1,704,713,0,0,1,-7.70025,7.70025,1
2,704,713,0,0,1,-30.44736,30.44736,1
1,705,714,0,0,1,-4.8054,4.8054,1
2,705,714,0,0,1,0.71826,0.71826,1
1,706,715,0,0,1,-9.95181,9.95181,1
2,706,715,0,0,1,-6.41574,6.41574,1
1,707,716,0,0,1,-25.4862,25.4862,1
2,707,716,0,0,1,4.98162,4.98162,1
1,708,717,0,0,1,-3.8304,3.8304,1
2,708,717,0,0,1,27.20106,27.20106,1
1,709,718,0,0,1,-16.26189,16.26189,1
2,709,718,0,0,1,19.67628,19.67628,1
1,710,719,0,0,1,-16.7706,16.7706,1
2,710,719,0,0,1,14.87988,14.87988,1
1,711,720,0,0,1,-30.70569,30.70569,1
2,711,720,0,0,1,0.68436,0.68436,1
1,712,721,0,0,1,-25.93122,25.93122,1
2,712,721,0,0,1,19.19886,19.19886,1
1,713,722,0,0,1,-26.049,26.049,1
2,713,722,0,0,1,5.30526,5.30526,1
1,714,723,0,0,1,-27.5907,27.5907,1
2,714,723,0,0,1,-5.08563,5.08563,1
1,715,724,0,0,1,-30.90549,30.90549,1
2,715,724,0,0,1,30.08562,30.08562,1
1,716,725,0,0,1,-2.769,2.769,1
2,716,725,0,0,1,26.40588,26.40588,1
1,717,726,0,0,1,-21.78747,21.78747,1
2,717,726,0,0,1,11.5398,11.5398,1
1,718,727,0,0,1,-21.1848,21.1848,1
2,718,727,0,0,1,-0.32292,0.32292,1
1,719,728,0,0,1,-21.20379,21.20379,1
2,719,728,0,0,1,4.75209,4.75209,1
1,720,729,0,0,1,-10.73112,10.73112,1
2,720,729,0,0,1,2.56131,2.56131,1
1,721,730,0,0,1,-0.84438,0.84438,1
2,721,730,0,0,1,-26.77638,26.77638,1
1,722,731,0,0,1,-4.35987,4.35987,1
2,722,731,0,0,1,19.37412,19.37412,1
1,723,732,0,0,1,-10.1235,10.1235,1
2,723,732,0,0,1,1.99779,1.99779,1
1,724,733,0,0,1,-6.27042,6.27042,1
2,724,733,0,0,1,-8.3157,8.3157,1
1,725,734,0,0,1,-24.22929,24.22929,1
2,725,734,0,0,1,9.0273,9.0273,1
1,726,735,0,0,1,-1306.02864,1306.02864,1
2,726,735,0,0,1,1306.13985,1306.13985,1
1,727,736,0,0,1,-1293.63747,1293.63747,1
2,727,736,0,0,1,1318.3092,1318.3092,1
1,728,737,0,0,1,-1278.6576,1278.6576,1
2,728,737,0,0,1,1320.5253,1320.5253,1
1,729,738,0,0,1,-1264.7682,1264.7682,1
2,729,738,0,0,1,1338.26742,1338.26742,1
1,730,739,0,0,1,-1268.1465,1268.1465,1
2,730,739,0,0,1,1335.35184,1335.35184,1
1,731,740,0,0,1,-1279.13868,1279.13868,1
2,731,740,0,0,1,1313.31753,1313.31753,1
1,732,741,0,0,1,-1275.3867,1275.3867,1
2,732,741,0,0,1,1327.45923,1327.45923,1
1,733,742,0,0,1,-1268.83533,1268.83533,1
2,733,742,0,0,1,1315.28478,1315.28478,1
1,734,743,0,0,1,-1247.23305,1247.23305,1
2,734,743,0,0,1,1299.22824,1299.22824,1
1,735,744,0,0,1,37.90263,37.90263,1
2,735,744,0,0,1,2.49882,2.49882,1
1,736,745,0,0,1,37.23468,37.23468,1
2,736,745,0,0,1,11.83452,11.83452,1
1,737,746,0,0,1,1.33455,1.33455,1
2,737,746,0,0,1,6.10392,6.10392,1
1,738,747,0,0,1,-9.99795,9.99795,1
2,738,747,0,0,1,-6.33204,6.33204,1
1,739,748,0,0,1,-2.82945,2.82945,1
2,739,748,0,0,1,-5.15724,5.15724,1
1,740,749,0,0,1,-2.21655,2.21655,1
2,740,749,0,0,1,-8.86275,8.86275,1
1,741,750,0,0,1,6.38205,6.38205,1
2,741,750,0,0,1,-10.88718,10.88718,1
1,742,751,0,0,1,-6.71106,6.71106,1
2,742,751,0,0,1,-13.22727,13.22727,1
1,743,752,0,0,1,-25.66791,25.66791,1
2,743,752,0,0,1,-11.6505,11.6505,1
1,744,753,0,0,1,-24.15099,24.15099,1
2,744,753,0,0,1,-12.62292,12.62292,1
1,745,754,0,0,1,-32.62692,32.62692,1
2,745,754,0,0,1,-27.55038,27.55038,1
1,746,755,0,0,1,-15.25863,15.25863,1
2,746,755,0,0,1,-26.03352,26.03352,1
1,747,756,0,0,1,-11.08287,11.08287,1
2,747,756,0,0,1,-22.35828,22.35828,1
1,748,757,0,0,1,-20.18391,20.18391,1
2,748,757,0,0,1,-10.75785,10.75785,1
1,749,758,0,0,1,10.1301,10.1301,1
2,749,758,0,0,1,-3.29082,3.29082,1
1,750,759,0,0,1,-13.48464,13.48464,1
2,750,759,0,0,1,-11.88792,11.88792,1
1,751,760,0,0,1,1253.93121,1253.93121,1
2,751,760,0,0,1,-1287.80181,1287.80181,1
1,752,761,0,0,1,1265.23317,1265.23317,1
2,752,761,0,0,1,-1287.70641,1287.70641,1
1,753,762,0,0,1,-52.42641,52.42641,1
2,753,762,0,0,1,14.1417,14.1417,1
1,754,763,0,0,1,-45.64437,45.64437,1
2,754,763,0,0,1,1.25502,1.25502,1
1,755,764,0,0,1,1259.03118,1259.03118,1
2,755,764,0,0,1,-1309.35825,1309.35825,1
1,756,765,0,0,1,1247.48097,1247.48097,1
2,756,765,0,0,1,-1316.25639,1316.25639,1
1,757,766,0,0,1,-65.8776,65.8776,1
2,757,766,0,0,1,1.67379,1.67379,1
1,758,767,0,0,1,-85.08855,85.08855,1
2,758,767,0,0,1,-13.56147,13.56147,1
1,759,768,0,0,1,-67.22061,67.22061,1
2,759,768,0,0,1,-12.47421,12.47421,1
1,760,769,0,0,1,-1338.36579,1338.36579,1
2,760,769,0,0,1,1273.33434,1273.33434,1
1,761,770,0,0,1,-1335.74088,1335.74088,1
2,761,770,0,0,1,1263.47319,1263.47319,1
1,762,771,0,0,1,-22.60665,22.60665,1
2,762,771,0,0,1,-35.32419,35.32419,1
1,763,772,0,0,1,-57.36312,57.36312,1
2,763,772,0,0,1,-12.3684,12.3684,1
1,764,773,0,0,1,-1390.22334,1390.22334,1
2,764,773,0,0,1,1278.73131,1278.73131,1
1,765,774,0,0,1,-1402.25997,1402.25997,1
2,765,774,0,0,1,1287.62379,1287.62379,1
1,766,775,0,0,1,-109.89186,109.89186,1
2,766,775,0,0,1,-21.96615,21.96615,1
1,767,776,0,0,1,1285.61262,1285.61262,1
2,767,776,0,0,1,-1435.98495,1435.98495,1
1,768,777,0,0,1,1304.02761,1304.02761,1
2,768,777,0,0,1,-1461.30525,1461.30525,1
1,769,778,0,0,1,1334.98434,1334.98434,1
2,769,778,0,0,1,-1450.01607,1450.01607,1
1,770,779,0,0,1,1321.27362,1321.27362,1
2,770,779,0,0,1,-1469.49162,1469.49162,1
1,771,780,0,0,1,1324.98423,1324.98423,1
2,771,780,0,0,1,-1482.16668,1482.16668,1
1,772,781,0,0,1,1359.95478,1359.95478,1
2,772,781,0,0,1,-1514.19252,1514.19252,1
1,773,782,0,0,1,1396.79865,1396.79865,1
2,773,782,0,0,1,-1507.00455,1507.00455,1
1,774,783,0,0,1,-161.8818,161.8818,1
2,774,783,0,0,1,56.96241,56.96241,1
1,775,784,0,0,1,-140.67303,140.67303,1
2,775,784,0,0,1,54.522,54.522,1
1,776,785,0,0,1,-1540.83924,1540.83924,1
2,776,785,0,0,1,1489.09584,1489.09584,1
1,777,786,0,0,1,-1570.75296,1570.75296,1
2,777,786,0,0,1,1519.26498,1519.26498,1
1,778,787,0,0,1,-1600.00608,1600.00608,1
2,778,787,0,0,1,1519.61409,1519.61409,1
1,779,788,0,0,1,-1606.70376,1606.70376,1
2,779,788,0,0,1,1572.18462,1572.18462,1
1,780,789,0,0,1,-1616.52072,1616.52072,1
2,780,789,0,0,1,1620.9735,1620.9735,1
1,781,790,0,0,1,-1632.74316,1632.74316,1
2,781,790,0,0,1,1652.21601,1652.21601,1
1,782,791,0,0,1,-1660.47324,1660.47324,1
2,782,791,0,0,1,1691.3808,1691.3808,1
1,783,792,0,0,1,-103.50267,103.50267,1
2,783,792,0,0,1,144.70779,144.70779,1
1,784,793,0,0,1,1755.60075,1755.60075,1
2,784,793,0,0,1,-1728.88536,1728.88536,1
1,785,794,0,0,1,-146.71764,146.71764,1
2,785,794,0,0,1,175.19085,175.19085,1
1,786,795,0,0,1,-156.48162,156.48162,1
2,786,795,0,0,1,209.39691,209.39691,1
1,787,796,0,0,1,-152.81406,152.81406,1
2,787,796,0,0,1,212.05422,212.05422,1
1,788,797,0,0,1,-176.22438,176.22438,1
2,788,797,0,0,1,211.46652,211.46652,1
1,789,798,0,0,1,-191.2854,191.2854,1
2,789,798,0,0,1,215.98587,215.98587,1
1,790,799,0,0,1,-194.11536,194.11536,1
2,790,799,0,0,1,221.03601,221.03601,1
1,791,800,0,0,1,-198.96645,198.96645,1
2,791,800,0,0,1,215.50323,215.50323,1
1,792,801,0,0,1,-191.01555,191.01555,1
2,792,801,0,0,1,230.84328,230.84328,1
1,793,802,0,0,1,-2060.4609,2060.4609,1
2,793,802,0,0,1,2116.16721,2116.16721,1
1,794,803,0,0,1,-159.75213,159.75213,1
2,794,803,0,0,1,214.72497,214.72497,1
1,795,804,0,0,1,-179.16705,179.16705,1
2,795,804,0,0,1,191.80707,191.80707,1
1,796,805,0,0,1,-193.72692,193.72692,1
2,796,805,0,0,1,189.1743,189.1743,1
1,797,806,0,0,1,-176.5341,176.5341,1
2,797,806,0,0,1,178.86441,178.86441,1
1,798,807,0,0,1,-161.36835,161.36835,1
2,798,807,0,0,1,152.17311,152.17311,1
1,799,808,0,0,1,-160.02702,160.02702,1
2,799,808,0,0,1,165.81888,165.81888,1
1,800,809,0,0,1,-152.21775,152.21775,1
2,800,809,0,0,1,169.99959,169.99959,1
1,801,810,0,0,1,-154.34268,154.34268,1
2,801,810,0,0,1,150.65502,150.65502,1
1,802,811,0,0,1,-166.01973,166.01973,1
2,802,811,0,0,1,132.54915,132.54915,1
1,803,812,0,0,1,-172.16127,172.16127,1
2,803,812,0,0,1,131.62716,131.62716,1
1,804,813,0,0,1,-150.0597,150.0597,1
2,804,813,0,0,1,126.6567,126.6567,1
1,805,814,0,0,1,-130.35711,130.35711,1
2,805,814,0,0,1,117.42024,117.42024,1
1,806,815,0,0,1,-141.14211,141.14211,1
2,806,815,0,0,1,115.01907,115.01907,1
1,807,816,0,0,1,-161.66034,161.66034,1
2,807,816,0,0,1,102.13149,102.13149,1
1,808,817,0,0,1,-165.97251,165.97251,1
2,808,817,0,0,1,90.1905,90.1905,1
1,809,818,0,0,1,-172.93035,172.93035,1
2,809,818,0,0,1,71.55867,71.55867,1
1,810,819,0,0,1,-186.13161,186.13161,1
2,810,819,0,0,1,70.14042,70.14042,1
1,811,820,0,0,1,-183.55893,183.55893,1
2,811,820,0,0,1,69.14904,69.14904,1
1,812,821,0,0,1,-204.37629,204.37629,1
2,812,821,0,0,1,57.55632,57.55632,1
1,813,822,0,0,1,-211.23765,211.23765,1
2,813,822,0,0,1,55.03599,55.03599,1
1,814,823,0,0,1,-241.74369,241.74369,1
2,814,823,0,0,1,38.80194,38.80194,1
1,815,824,0,0,1,-250.36857,250.36857,1
2,815,824,0,0,1,30.48771,30.48771,1
1,816,825,0,0,1,-253.32135,253.32135,1
2,816,825,0,0,1,31.33491,31.33491,1
1,817,826,0,0,1,-268.3035,268.3035,1
2,817,826,0,0,1,23.6103,23.6103,1
1,818,827,0,0,1,-272.98905,272.98905,1
2,818,827,0,0,1,10.44843,10.44843,1
1,819,828,0,0,1,-276.81798,276.81798,1
2,819,828,0,0,1,3.34113,3.34113,1
1,820,829,0,0,1,-282.67842,282.67842,1
2,820,829,0,0,1,-1.42584,1.42584,1
1,821,830,0,0,1,-281.28195,281.28195,1
2,821,830,0,0,1,2.11608,2.11608,1
1,822,831,0,0,1,-283.91832,283.91832,1
2,822,831,0,0,1,0.24381,0.24381,1
1,823,832,0,0,1,-275.91453,275.91453,1
2,823,832,0,0,1,9.9018,9.9018,1
1,824,833,0,0,1,-268.63944,268.63944,1
2,824,833,0,0,1,5.96181,5.96181,1
1,825,834,0,0,1,-265.8768,265.8768,1
2,825,834,0,0,1,-0.84726,0.84726,1
1,826,835,0,0,1,-262.664715,262.664715,1
2,826,835,0,0,1,-1.6113,1.6113,1
1,827,836,0,0,1,-263.40531,263.40531,1
2,827,836,0,0,1,8.76075,8.76075,1
1,828,837,0,0,1,-256.060065,256.060065,1
2,828,837,0,0,1,8.13297,8.13297,1
1,829,838,0,0,1,-257.56221,257.56221,1
2,829,838,0,0,1,0.52143,0.52143,1
1,830,839,0,0,1,-248.46705,248.46705,1
2,830,839,0,0,1,9.14013,9.14013,1
1,831,840,0,0,1,-241.438428,241.438428,1
2,831,840,0,0,1,8.01123,8.01123,1
1,832,841,0,0,1,-238.919292,238.919292,1
2,832,841,0,0,1,-4.64352,4.64352,1
1,833,842,0,0,1,-234.73743,234.73743,1
2,833,842,0,0,1,5.36028,5.36028,1
1,834,843,0,0,1,-225.469725,225.469725,1
2,834,843,0,0,1,10.85985,10.85985,1
1,835,844,0,0,1,-226.398705,226.398705,1
2,835,844,0,0,1,11.44092,11.44092,1
1,836,845,0,0,1,-238.75821,238.75821,1
2,836,845,0,0,1,6.10914,6.10914,1
1,837,846,0,0,1,-222.175785,222.175785,1
2,837,846,0,0,1,-1.31247,1.31247,1
1,838,847,0,0,1,-217.92144,217.92144,1
2,838,847,0,0,1,12.25632,12.25632,1
1,839,848,0,0,1,-226.271025,226.271025,1
2,839,848,0,0,1,0.01269,0.01269,1
1,840,849,0,0,1,-208.303482,208.303482,1
2,840,849,0,0,1,0.54408,0.54408,1
1,841,850,0,0,1,-213.059808,213.059808,1
2,841,850,0,0,1,14.44107,14.44107,1
1,842,851,0,0,1,-205.044915,205.044915,1
2,842,851,0,0,1,14.03622,14.03622,1
1,843,852,0,0,1,-189.261537,189.261537,1
2,843,852,0,0,1,13.0029,13.0029,1
1,844,853,0,0,1,-189.09837,189.09837,1
2,844,853,0,0,1,8.77128,8.77128,1
1,845,854,0,0,1,-142.8315,142.8315,1
2,845,854,0,0,1,8.56482,8.56482,1
1,846,855,0,0,1,-166.586676,166.586676,1
2,846,855,0,0,1,18.56235,18.56235,1
1,847,856,0,0,1,-174.407661,174.407661,1
2,847,856,0,0,1,16.1661,16.1661,1
1,848,857,0,0,1,-168.586365,168.586365,1
2,848,857,0,0,1,24.6399,24.6399,1
1,849,858,0,0,1,-179.323161,179.323161,1
2,849,858,0,0,1,29.77539,29.77539,1
1,850,859,0,0,1,-163.79952,163.79952,1
2,850,859,0,0,1,30.1275,30.1275,1
1,851,860,0,0,1,-153.276483,153.276483,1
2,851,860,0,0,1,27.1134,27.1134,1
1,852,861,0,0,1,-157.550406,157.550406,1
2,852,861,0,0,1,30.3552,30.3552,1
1,853,862,0,0,1,-135.42855,135.42855,1
2,853,862,0,0,1,27.6492,27.6492,1
1,854,863,0,0,1,-155.77581,155.77581,1
2,854,863,0,0,1,36.81198,36.81198,1
1,855,864,0,0,1,-136.790292,136.790292,1
2,855,864,0,0,1,33.303,33.303,1
1,856,865,0,0,1,-140.170524,140.170524,1
2,856,865,0,0,1,24.7188,24.7188,1
1,857,866,0,0,1,-131.484102,131.484102,1
2,857,866,0,0,1,15.26595,15.26595,1
1,858,867,0,0,1,-123.031713,123.031713,1
2,858,867,0,0,1,4.8477,4.8477,1
1,859,868,0,0,1,-121.297575,121.297575,1
2,859,868,0,0,1,3.06783,3.06783,1
1,860,869,0,0,1,-123.342696,123.342696,1
2,860,869,0,0,1,0.0774,0.0774,1
1,861,870,0,0,1,-124.758903,124.758903,1
2,861,870,0,0,1,-6.29502,6.29502,1
1,862,871,0,0,1,-136.536639,136.536639,1
2,862,871,0,0,1,-5.76678,5.76678,1
1,863,872,0,0,1,-133.96578,133.96578,1
2,863,872,0,0,1,-6.0972,6.0972,1
1,864,873,0,0,1,-135.464544,135.464544,1
2,864,873,0,0,1,-8.9553,8.9553,1
1,865,874,0,0,1,-106.770387,106.770387,1
2,865,874,0,0,1,-3.11745,3.11745,1