Employee ID,Frame,Box x,Box y,Box width,Box height,Width-to-height ratio,right_shoulder&right_elbow - RIGHT_ELBOW - right_elbow&right_wrist,right_shoulder&right_elbow - RIGHT_SHOULDER - right_shoulder&left_shoulder,right_shoulder&right_elbow - RIGHT_SHOULDER - right_shoulder&right_hip,left_shoulder&left_elbow - LEFT_ELBOW - left_elbow&left_wrist,left_shoulder&left_elbow - LEFT_SHOULDER - right_shoulder&left_shoulder,left_shoulder&left_elbow - LEFT_SHOULDER - left_shoulder&left_hip,right_hip&right_knee - RIGHT_KNEE - right_knee&right_ankle,right_hip&right_knee - RIGHT_HIP - right_hip&left_hip,right_hip&right_knee - RIGHT_HIP - right_shoulder&right_hip,left_hip&left_knee - LEFT_KNEE - left_knee&left_ankle,left_hip&left_knee - LEFT_HIP - right_hip&left_hip,left_hip&left_knee - LEFT_HIP - left_shoulder&left_hip,right_shoulder&left_shoulder - RIGHT_SHOULDER - right_shoulder&right_hip,right_shoulder&left_shoulder - LEFT_SHOULDER - left_shoulder&left_hip,right_hip&left_hip - RIGHT_HIP - right_shoulder&right_hip,right_hip&left_hip - LEFT_HIP - left_shoulder&left_hip,Fatigue or not
1,1,1042.0,303.0,130.0,358.0,0.36312848,101.1,97.9,11.8,47.6,117.2,34.7,171.1,93.3,174.6,166.0,87.7,173.0,86.2,82.4,92.1,99.3,1
2,1,1239.0,363.0,136.0,460.0,0.29565218,156.8,78.2,2.1,167.5,111.1,13.0,179.7,68.7,175.1,179.7,107.9,172.8,76.1,98.2,106.4,79.3,1
1,2,1042.5,303.5,131.0,359.0,0.3649025,103.2,99.1,12.2,43.8,117.7,35.6,170.8,93.0,175.4,166.4,88.7,171.9,86.9,82.1,91.6,99.4,1
2,2,1238.5,363.5,135.0,459.0,0.29411766,157.0,78.5,2.0,168.0,111.3,13.7,179.8,69.7,175.9,179.2,107.2,173.1,76.5,97.6,106.1,79.8,1
1,3,1044.0,304.0,132.0,358.0,0.36871508,98.4,97.6,11.2,46.7,116.9,35.1,172.7,92.9,174.9,165.7,88.1,172.2,86.4,81.8,92.2,99.7,1
2,3,1238.5,364.0,135.0,460.0,0.29347825,157.8,78.0,1.7,169.2,112.3,14.5,179.2,70.0,176.2,179.6,106.5,173.8,76.3,97.8,106.3,79.6,1
1,4,1042.5,304.5,131.0,357.0,0.3669468,96.7,99.0,12.3,39.7,115.0,32.9,170.6,92.8,175.9,166.0,88.5,171.7,86.7,82.1,91.4,99.8,1
2,4,1238.5,364.0,135.0,460.0,0.29347825,156.3,79.3,2.8,169.2,112.3,14.9,179.3,69.7,175.8,179.8,106.0,173.9,76.4,97.3,106.1,80.1,1
1,5,1044.0,305.0,134.0,358.0,0.37430167,102.5,98.7,12.2,30.8,118.1,36.3,170.1,92.1,176.5,165.7,88.6,171.1,86.5,81.7,91.4,100.3,1
2,5,1238.5,364.0,137.0,460.0,0.29782608,157.0,81.7,4.2,171.9,112.4,16.8,179.1,70.9,175.6,179.6,104.6,173.3,77.5,95.6,104.7,82.1,1
1,6,1044.5,305.0,133.0,356.0,0.3735955,86.0,98.2,11.4,2.9,115.2,33.3,169.4,92.2,177.2,165.5,88.6,170.7,86.8,81.9,90.6,100.7,1
2,6,1238.5,363.5,137.0,459.0,0.29847494,155.8,83.7,5.6,172.6,112.2,17.4,179.3,72.0,176.0,180.0,104.0,172.9,78.1,94.8,104.0,83.1,1
1,7,1044.5,306.5,133.0,355.0,0.3746479,99.6,108.7,22.2,62.5,114.9,33.3,172.5,94.2,174.4,171.9,84.5,175.0,86.6,81.5,91.4,100.5,1
2,7,1239.5,364.0,137.0,458.0,0.29912663,154.9,85.3,6.8,173.1,111.5,17.3,179.9,73.0,176.4,179.1,103.6,172.5,78.5,94.2,103.4,83.9,1
1,8,1043.5,307.5,131.0,355.0,0.36901408,95.3,107.4,21.0,73.1,109.8,28.0,170.3,93.2,175.6,169.4,86.0,173.5,86.3,81.8,91.3,100.6,1
2,8,1240.5,365.0,139.0,458.0,0.30349344,151.7,87.7,9.0,172.7,111.6,18.0,179.1,72.7,175.7,178.2,103.9,171.3,78.6,93.6,103.0,84.8,1
1,9,1041.5,309.0,131.0,352.0,0.3721591,101.5,107.7,20.7,110.0,107.6,26.8,169.5,93.5,175.8,167.7,86.2,172.4,87.0,80.9,90.7,101.4,1
2,9,1240.5,365.5,139.0,457.0,0.30415756,149.6,88.7,10.0,171.9,110.9,17.5,177.4,72.7,175.4,176.5,104.7,170.2,78.7,93.3,102.7,85.2,1
1,10,1041.0,311.5,132.0,351.0,0.37606838,132.7,110.6,21.6,124.1,110.7,32.7,166.4,90.0,179.5,164.0,90.1,166.3,89.0,78.0,89.5,103.5,1
2,10,1240.5,366.0,139.0,456.0,0.30482456,149.4,89.8,10.2,172.0,110.5,18.0,175.4,72.4,174.2,174.3,105.9,168.1,79.6,92.5,101.8,86.1,1
1,11,1040.5,318.5,135.0,349.0,0.38681948,112.6,105.8,17.3,145.1,104.0,25.2,164.7,90.2,179.5,159.7,91.7,165.0,88.5,78.8,89.4,103.3,1
2,11,1243.5,365.5,133.0,451.0,0.2949002,132.9,92.7,13.9,167.5,106.5,13.3,169.5,69.9,171.5,165.9,108.6,164.8,78.7,93.2,101.6,86.5,1
1,12,1037.5,322.5,131.0,351.0,0.37321937,135.8,106.4,18.0,166.1,101.2,22.0,161.1,88.2,177.5,160.4,93.8,163.2,88.5,79.1,89.3,103.1,1
2,12,1244.0,365.5,136.0,449.0,0.30289534,129.9,94.0,15.0,167.4,106.5,14.0,168.5,69.4,170.2,164.8,109.2,163.1,79.0,92.5,100.8,87.7,1
1,13,1035.5,328.0,129.0,348.0,0.37068966,139.7,109.4,23.0,160.2,99.4,18.6,168.0,91.6,177.6,166.4,89.8,168.3,86.4,80.8,90.9,101.9,1
2,13,1243.0,366.0,138.0,448.0,0.3080357,129.2,93.6,13.9,166.4,107.1,15.1,166.9,68.3,168.6,162.9,110.7,161.1,79.6,92.0,100.2,88.2,1
1,14,1034.0,331.0,128.0,348.0,0.3678161,128.4,106.6,19.4,169.8,97.9,16.5,162.8,94.0,177.3,160.0,92.7,164.7,87.2,81.4,88.8,102.6,1
2,14,1243.5,366.5,139.0,443.0,0.31376976,129.5,93.5,12.9,165.5,107.2,16.0,165.7,68.9,168.1,161.6,112.3,158.7,80.6,91.3,99.2,89.0,1
1,15,1033.0,336.5,132.0,335.0,0.39402986,120.0,111.2,22.9,161.0,97.2,17.4,161.6,88.9,175.9,161.6,95.5,159.6,88.4,79.8,87.0,104.8,1
2,15,1243.0,369.0,142.0,440.0,0.32272726,128.5,94.9,13.2,167.8,108.4,18.6,163.3,68.2,166.0,158.9,114.0,155.3,81.7,89.8,97.8,90.7,1
1,16,1032.5,344.0,133.0,332.0,0.4006024,125.6,111.7,11.7,157.9,93.7,22.2,147.8,86.0,161.6,144.5,103.3,143.9,100.0,71.5,75.6,112.8,1
2,16,1242.0,375.0,146.0,426.0,0.342723,135.0,93.2,10.2,171.5,109.4,21.8,154.9,66.6,163.4,153.2,116.3,151.1,83.0,87.6,96.8,92.6,1
1,17,1032.5,348.0,139.0,320.0,0.434375,135.0,110.8,0.3,156.4,93.0,34.8,154.5,81.0,147.3,151.3,105.5,129.4,110.5,58.2,66.3,125.1,1
2,17,1242.0,376.0,150.0,426.0,0.35211268,127.8,98.5,14.7,171.4,112.9,25.1,151.5,61.0,156.7,150.1,120.2,147.0,83.8,87.7,95.7,92.8,1
1,18,1241.5,376.5,155.0,417.0,0.37170264,129.3,98.9,12.9,171.9,113.2,27.5,151.3,60.4,152.9,149.3,124.7,139.6,86.1,85.7,92.5,95.7,1
2,18,1033.0,354.0,146.0,316.0,0.4620253,139.3,108.5,7.1,153.6,96.6,41.9,141.6,71.5,131.4,137.6,115.7,114.6,115.6,54.7,60.0,129.8,1
1,19,1034.0,358.5,148.0,301.0,0.49169436,144.8,113.3,8.0,155.7,94.8,46.9,144.6,72.1,127.0,145.8,107.2,116.8,121.4,47.8,54.9,135.9,1
2,19,1235.5,381.5,165.0,407.0,0.4054054,130.0,98.3,11.1,169.4,113.1,27.8,157.0,62.7,153.5,154.0,127.5,135.8,87.2,85.3,90.9,96.6,1
1,20,1229.5,386.0,183.0,396.0,0.46212122,135.9,97.8,7.4,170.8,115.0,32.7,157.9,60.4,147.7,154.3,132.4,127.7,90.4,82.4,87.3,99.9,1
2,20,1029.0,364.0,148.0,292.0,0.5068493,140.6,112.7,1.0,149.3,107.5,53.5,138.1,58.9,118.9,137.8,122.1,105.6,113.8,54.0,59.9,132.3,1
1,21,1227.0,393.0,186.0,384.0,0.484375,140.8,92.6,0.2,173.3,117.5,36.3,157.1,58.8,143.8,153.4,136.1,123.0,92.9,81.2,84.9,100.9,1
2,21,1028.5,372.0,157.0,274.0,0.5729927,142.9,113.3,7.4,157.4,109.7,62.2,141.9,59.0,112.4,143.9,113.3,108.3,120.7,47.5,53.4,138.4,1
1,22,1227.0,400.5,194.0,379.0,0.51187336,143.2,85.1,10.5,179.1,121.7,44.0,146.4,50.9,132.5,143.6,141.4,113.5,95.6,77.7,81.6,105.0,1
2,22,1028.0,377.5,154.0,269.0,0.5724907,137.0,129.0,3.8,152.2,88.5,38.2,157.2,70.0,127.1,155.2,100.6,132.0,125.2,50.3,57.1,127.4,1
1,23,1227.0,402.0,198.0,364.0,0.54395604,141.9,85.6,11.2,176.1,124.7,48.3,146.8,47.3,127.4,144.1,146.7,106.6,96.9,76.4,80.0,106.7,1
2,23,1026.5,385.0,153.0,250.0,0.612,143.7,105.2,14.5,151.2,106.6,58.1,156.0,62.4,115.7,152.3,117.5,104.0,119.7,48.5,53.3,138.5,1
1,24,1226.5,410.0,199.0,350.0,0.56857145,144.9,78.6,22.0,177.7,128.0,55.2,138.4,42.1,118.2,136.3,153.7,95.8,100.6,72.8,76.0,110.5,1
2,24,1025.0,388.5,152.0,243.0,0.6255144,149.4,102.9,30.9,143.8,110.3,76.6,154.1,57.3,98.4,149.8,118.8,89.7,133.8,33.6,41.1,151.5,1
1,25,1225.0,416.0,198.0,336.0,0.58928573,142.8,83.4,19.2,175.9,127.7,57.1,136.0,42.4,117.0,133.9,154.7,93.0,102.5,70.6,74.7,112.2,1
2,25,1025.0,391.5,158.0,231.0,0.6839827,149.9,102.8,39.3,149.7,102.4,73.4,154.9,60.4,92.8,149.0,117.2,86.3,142.1,29.0,32.4,156.5,1
1,26,1225.0,420.5,204.0,325.0,0.6276923,135.6,96.7,8.0,176.2,127.1,61.0,134.6,42.6,115.1,133.4,153.9,89.3,104.7,66.1,72.4,116.7,1
2,26,1024.0,396.5,162.0,223.0,0.7264574,154.8,110.8,38.9,160.9,85.3,63.1,179.1,80.7,107.1,177.8,95.7,102.6,149.8,22.2,26.3,161.7,1
1,27,1223.0,426.0,212.0,316.0,0.6708861,132.1,97.0,8.2,177.3,130.3,64.3,133.4,41.9,112.6,133.2,156.3,85.6,105.2,66.0,70.7,118.1,1
2,27,1017.5,401.5,151.0,213.0,0.7089202,160.8,101.8,59.4,164.8,78.8,64.2,178.0,79.9,96.2,177.1,98.3,93.7,161.2,14.6,16.3,167.9,1
1,28,1220.5,433.0,215.0,306.0,0.70261437,145.3,84.8,19.5,173.4,126.8,59.3,126.5,44.6,115.6,124.8,157.5,85.4,104.3,67.5,71.0,117.2,1
2,28,1024.0,406.5,166.0,203.0,0.817734,159.7,101.8,64.1,167.9,83.3,74.2,176.9,80.4,90.9,173.8,97.6,88.0,165.9,9.2,10.5,174.4,1
1,29,1216.0,439.0,218.0,296.0,0.7364865,139.7,84.8,22.7,174.7,127.5,64.5,112.1,30.6,99.0,113.6,165.4,73.4,107.5,63.0,68.4,121.2,1
2,29,1024.5,410.0,171.0,200.0,0.855,157.2,97.7,66.2,173.4,88.0,78.0,179.4,78.5,88.8,176.4,100.3,83.8,163.8,10.0,10.3,175.9,1
1,30,1213.5,442.5,221.0,291.0,0.7594502,137.2,86.0,22.7,174.6,127.9,67.0,104.7,22.4,88.1,107.4,170.4,64.9,108.7,60.9,65.7,124.7,1
2,30,1024.5,414.5,167.0,191.0,0.87434554,154.9,107.8,55.4,165.6,82.6,71.1,179.4,77.4,89.8,178.1,99.4,87.6,163.2,11.4,12.4,173.0,1
1,31,1213.0,447.0,222.0,280.0,0.79285717,142.5,75.0,37.0,177.2,131.6,72.7,95.0,16.0,78.4,100.9,174.3,58.9,112.0,58.9,62.4,126.7,1
2,31,1027.0,416.5,164.0,189.0,0.8677249,154.4,107.6,65.8,163.7,79.5,76.4,179.8,82.5,84.6,178.2,94.4,84.2,173.3,3.1,2.2,178.6,1
1,32,1210.5,450.5,221.0,277.0,0.7978339,142.2,79.5,34.8,178.8,130.8,75.2,91.8,12.7,73.0,98.1,175.9,54.2,114.3,55.6,60.3,129.8,1
2,32,1026.5,419.0,161.0,190.0,0.8473684,156.4,121.2,71.4,165.5,65.5,75.6,173.0,88.1,75.4,170.6,87.5,82.2,167.4,10.2,12.7,169.7,1
1,33,1212.0,456.0,218.0,270.0,0.8074074,143.6,75.6,39.1,179.1,129.2,73.3,87.7,7.8,67.6,97.5,179.8,50.2,114.7,55.9,59.8,129.6,1
2,33,1013.5,418.5,137.0,187.0,0.7326203,155.8,116.6,58.3,158.4,68.4,65.6,176.1,85.6,88.8,179.3,89.5,91.4,175.0,2.8,3.2,179.0,1
1,34,1209.5,458.5,221.0,267.0,0.82771534,152.3,78.9,33.7,178.4,128.5,72.2,80.0,3.3,65.7,92.2,177.6,48.9,112.6,56.3,62.4,128.7,1
2,34,1018.5,418.5,149.0,185.0,0.8054054,159.1,117.4,66.0,166.8,68.3,71.3,168.5,90.8,86.9,171.8,85.1,91.5,176.6,2.9,3.9,176.6,1
1,35,1206.0,462.0,220.0,260.0,0.84615386,155.5,77.0,34.3,176.9,130.4,72.0,75.7,0.6,63.8,89.3,175.6,48.4,111.3,58.4,63.2,127.1,1
1,36,1204.5,464.0,221.0,256.0,0.86328125,149.3,82.0,28.9,178.4,128.2,70.2,68.1,8.0,56.1,83.9,170.9,43.9,110.9,58.0,64.1,127.0,1
1,37,1204.0,465.0,220.0,254.0,0.86614174,138.4,84.7,24.7,178.7,127.4,68.1,62.7,13.6,51.7,80.4,167.7,41.6,109.3,59.3,65.3,126.1,1
1,38,1202.5,465.5,223.0,253.0,0.88142294,117.6,96.0,13.1,175.5,126.6,68.2,60.7,12.8,52.2,79.0,168.4,40.9,109.1,58.4,65.0,127.5,1
1,39,1201.5,466.0,219.0,250.0,0.876,114.6,104.0,4.2,174.5,127.3,68.1,66.3,6.8,58.9,82.9,171.3,44.4,108.1,59.2,65.7,126.9,1
1,40,1203.5,466.5,221.0,249.0,0.8875502,126.4,115.6,7.1,171.8,126.8,68.9,71.6,1.8,67.0,83.2,175.2,46.8,108.5,57.9,65.2,128.4,1
1,41,1205.5,467.0,229.0,248.0,0.9233871,119.4,118.2,10.7,170.8,125.5,66.7,67.4,2.0,64.1,81.9,173.3,45.8,107.5,58.8,66.1,127.5,1
1,42,1205.5,468.0,233.0,250.0,0.932,124.4,119.5,12.0,171.8,124.7,66.3,68.4,0.3,65.5,81.6,174.0,45.8,107.5,58.4,65.9,128.2,1
1,43,1209.5,474.5,245.0,259.0,0.9459459,150.9,124.0,14.2,179.0,127.3,68.9,88.1,14.5,77.8,94.8,179.0,52.5,109.8,58.4,63.3,128.5,1
1,44,1202.0,469.0,230.0,252.0,0.9126984,121.3,106.9,3.8,172.7,128.3,70.5,63.8,4.7,57.1,86.1,172.2,42.5,110.7,57.8,61.7,129.7,1
2,44,1018.0,420.5,134.0,177.0,0.75706214,140.8,113.4,27.5,149.1,74.1,39.5,168.3,66.7,100.5,162.1,111.8,97.6,140.9,34.7,33.8,150.7,1
1,45,1202.5,469.0,229.0,252.0,0.90873015,128.4,101.6,10.6,175.9,127.8,71.4,64.3,3.0,57.2,86.5,173.1,42.0,112.2,56.4,60.3,131.1,1
1,46,1201.5,469.0,229.0,252.0,0.90873015,124.2,98.4,14.1,173.5,129.4,72.8,65.5,4.6,55.4,88.3,172.3,41.6,112.5,56.6,60.1,130.8,1
1,47,1202.0,469.5,230.0,253.0,0.90909094,128.1,101.5,11.5,175.3,128.6,72.7,65.2,4.9,54.8,89.2,172.2,40.8,113.0,56.0,59.7,131.4,1
1,48,1203.5,470.0,231.0,252.0,0.9166667,130.0,98.6,17.2,174.1,129.2,75.8,74.0,4.4,61.4,92.2,176.0,42.1,115.8,53.4,57.0,133.9,1
1,49,1200.0,467.0,230.0,246.0,0.93495935,126.9,99.8,13.8,173.1,128.4,73.6,77.7,0.9,60.9,93.4,174.6,43.0,113.6,54.9,60.0,131.6,1
2,49,1016.0,415.0,132.0,184.0,0.7173913,143.8,121.0,34.6,151.8,67.2,47.6,179.8,85.3,106.2,176.3,92.1,104.0,155.5,19.6,21.0,163.9,1
1,50,1200.5,467.5,231.0,247.0,0.9352227,137.3,92.2,24.7,175.4,127.1,74.9,80.6,5.6,62.6,95.0,177.3,43.5,116.9,52.2,57.0,133.9,1
2,50,1017.0,413.5,138.0,181.0,0.76243097,140.4,120.4,33.3,152.3,68.0,48.2,177.8,84.0,106.0,176.6,92.1,103.4,153.7,19.8,22.0,164.5,1
1,51,1202.0,467.0,232.0,248.0,0.9354839,140.1,94.5,22.9,175.6,125.4,73.7,74.5,0.3,57.3,91.0,175.2,41.3,117.4,51.6,57.0,134.0,1
2,51,1006.0,414.5,122.0,183.0,0.6666667,147.1,118.6,41.2,158.5,70.6,57.3,169.0,91.4,109.1,173.4,84.5,106.2,159.7,13.3,17.7,169.3,1
1,52,1201.0,466.0,232.0,250.0,0.928,136.1,87.6,29.8,174.2,127.4,75.8,73.6,6.8,50.5,88.7,171.5,37.8,117.4,51.6,57.3,133.7,1
2,52,1010.5,414.0,135.0,186.0,0.7258065,156.1,120.4,74.6,173.0,81.7,88.8,158.8,100.0,85.1,162.0,75.1,98.0,165.0,7.1,14.9,173.0,1
1,53,1200.0,466.0,234.0,256.0,0.9140625,140.3,88.2,31.2,172.0,126.0,76.3,77.4,2.7,52.8,91.3,173.9,38.5,119.4,49.7,55.5,135.4,1
2,53,1019.5,412.5,153.0,189.0,0.8095238,144.9,126.2,39.4,157.9,68.8,58.3,168.6,91.1,103.2,171.4,84.2,103.8,165.5,10.4,12.0,172.0,1
1,54,1203.0,464.5,238.0,257.0,0.92607003,133.9,86.0,34.7,169.3,127.9,79.6,77.7,4.5,49.7,90.7,172.8,36.0,120.7,48.3,54.2,136.8,1
2,54,1020.5,412.0,149.0,190.0,0.7842105,145.2,119.1,33.8,154.4,70.1,51.3,177.0,84.1,106.6,179.0,91.8,102.3,152.9,18.8,22.4,165.9,1
1,55,1204.0,464.5,234.0,261.0,0.8965517,130.2,84.9,35.5,165.7,127.3,79.0,86.0,4.1,58.5,95.0,178.0,41.2,120.5,48.3,54.4,136.9,1
2,55,1020.5,411.5,149.0,189.0,0.78835976,148.3,119.0,31.5,155.7,71.0,51.0,172.8,87.9,113.1,175.0,87.7,108.1,150.5,20.1,25.2,164.3,1
1,56,1204.5,464.0,233.0,262.0,0.889313,125.2,78.3,44.7,168.2,136.1,88.6,89.8,2.7,53.2,99.6,175.9,36.9,123.1,47.5,50.4,139.0,1
2,56,1018.5,409.5,145.0,195.0,0.74358976,151.6,116.0,29.4,153.8,69.6,42.8,172.1,89.6,119.5,174.2,88.4,113.8,145.5,26.8,29.9,157.8,1
1,57,1206.0,461.5,232.0,261.0,0.8888889,124.8,82.8,40.3,169.5,135.5,88.6,95.2,5.7,56.1,102.4,178.1,38.5,123.1,46.9,50.4,139.6,1
2,57,1012.0,408.0,132.0,192.0,0.6875,152.5,124.1,29.2,159.0,63.3,42.8,170.6,92.2,116.7,173.2,84.3,114.0,153.3,20.5,24.6,161.6,1
1,58,1208.0,458.0,230.0,262.0,0.8778626,131.4,80.3,44.3,167.7,134.0,88.5,102.8,13.7,63.6,105.8,175.0,44.9,124.5,45.5,49.9,140.1,1
2,58,1018.0,404.5,140.0,197.0,0.7106599,151.5,122.5,18.8,157.8,74.9,45.0,173.6,89.3,125.3,176.0,85.7,121.5,141.3,30.0,36.0,152.8,1
1,59,1207.0,455.5,228.0,265.0,0.8603774,132.4,80.3,43.4,167.7,132.6,86.8,107.2,18.8,69.1,108.9,170.2,49.7,123.8,45.8,50.3,140.1,1
2,59,1024.5,401.5,149.0,205.0,0.7268293,153.7,127.8,29.5,157.6,69.8,51.6,174.6,90.2,113.0,172.7,82.5,115.8,157.2,18.2,22.8,161.7,1
1,60,1207.0,453.5,232.0,271.0,0.8560886,134.7,72.5,48.2,167.5,134.9,85.4,101.6,14.3,67.0,104.5,174.5,48.4,120.8,49.5,52.7,137.0,1
2,60,1009.5,401.5,121.0,203.0,0.5960591,154.4,125.3,11.3,160.3,73.0,38.2,168.9,98.3,140.2,170.0,78.2,135.1,136.6,34.8,41.9,146.7,1
1,61,1206.5,451.5,237.0,279.0,0.8494624,132.2,76.2,43.4,169.0,135.5,85.5,100.7,12.8,66.8,103.2,175.4,48.5,119.7,50.1,54.1,136.2,1
2,61,1024.5,395.5,145.0,217.0,0.66820276,130.1,120.6,22.1,147.7,78.3,47.1,162.6,79.9,114.3,162.1,92.5,115.8,142.7,31.2,34.4,151.7,1
1,62,1205.5,449.5,235.0,281.0,0.83629894,138.1,71.2,47.5,172.0,137.0,85.4,102.8,15.8,70.5,105.4,173.2,51.8,118.8,51.6,54.6,134.9,1
2,62,1024.0,394.5,142.0,219.0,0.6484018,141.8,121.9,22.0,155.6,80.8,50.8,160.6,76.4,110.1,159.6,95.8,111.9,143.9,30.0,33.7,152.4,1
1,63,1205.5,448.0,235.0,286.0,0.82167834,144.2,60.2,56.4,170.6,139.0,84.1,108.2,18.9,74.8,110.2,172.1,55.4,116.7,55.0,55.9,132.5,1
2,63,1023.0,391.0,144.0,224.0,0.64285713,155.9,126.4,26.7,154.6,74.2,51.5,157.8,77.1,103.2,155.4,98.1,103.7,153.1,22.6,26.1,158.2,1
1,64,1205.5,443.0,233.0,296.0,0.7871622,148.7,56.5,58.7,169.3,137.3,80.8,109.3,20.5,77.8,111.0,169.4,59.6,115.2,56.4,57.3,131.0,1
2,64,1023.0,388.5,146.0,229.0,0.6375546,158.5,127.1,29.0,152.6,70.7,50.6,164.0,82.7,107.6,163.2,90.8,110.3,156.1,20.1,25.0,158.8,1
1,65,1204.5,441.5,231.0,303.0,0.76237625,145.8,61.2,53.7,170.2,135.9,79.5,111.4,24.9,82.9,112.7,165.9,63.5,114.9,56.4,58.0,130.6,1
2,65,1023.5,384.0,145.0,230.0,0.6304348,154.3,109.1,27.5,146.3,93.8,59.0,165.1,72.9,114.1,157.6,104.5,108.1,136.6,34.8,41.2,147.4,1
1,66,1202.0,439.5,228.0,305.0,0.747541,140.7,70.0,46.0,170.2,135.3,80.6,111.7,25.6,83.2,112.7,164.4,63.9,116.0,54.6,57.6,131.7,1
2,66,1021.5,381.5,141.0,233.0,0.6051502,144.7,104.4,25.7,161.3,97.2,57.3,163.7,70.8,116.9,157.0,105.5,110.6,130.1,39.9,46.0,143.9,1
1,67,1202.0,436.5,224.0,311.0,0.7202572,137.7,76.8,38.7,170.4,132.5,77.5,111.7,28.6,87.4,112.8,161.7,67.6,115.5,55.0,58.8,130.7,1
2,67,1020.0,381.5,134.0,245.0,0.5469388,154.6,117.9,19.6,160.5,77.2,41.4,170.4,83.8,126.1,172.0,89.8,125.9,137.5,35.9,42.3,144.3,1
1,68,1201.0,434.5,224.0,321.0,0.6978193,140.8,72.7,40.9,171.9,132.1,74.9,117.3,34.3,95.0,118.6,156.7,74.8,113.6,57.2,60.7,128.5,1
2,68,1020.0,378.5,134.0,251.0,0.53386456,161.3,119.1,17.8,168.1,80.6,45.7,170.5,83.5,127.0,172.5,87.8,127.6,136.9,34.9,43.6,144.6,1
1,69,1201.0,433.0,224.0,328.0,0.68292683,142.3,72.4,40.1,174.0,131.8,73.6,123.3,39.6,101.2,123.5,153.6,78.8,112.6,58.3,61.6,127.6,1
2,69,1021.0,374.0,132.0,252.0,0.52380955,147.7,104.7,11.0,179.6,105.5,57.3,169.9,72.5,133.4,166.8,99.9,125.0,115.7,48.3,60.9,135.1,1
1,70,1200.5,432.0,219.0,332.0,0.6596386,140.4,81.4,31.2,173.9,129.1,71.5,125.9,41.4,103.9,125.7,149.4,83.3,112.6,57.6,62.5,127.2,1
2,70,1018.0,371.5,124.0,259.0,0.47876447,139.8,103.9,7.7,173.3,102.4,45.2,156.8,68.5,131.2,154.5,107.4,124.1,111.7,57.3,62.7,128.4,1
1,71,1196.5,430.0,217.0,334.0,0.6497006,140.2,83.9,26.7,174.6,128.7,69.7,127.0,41.1,106.1,126.6,148.8,85.9,110.6,59.0,65.0,125.3,1
2,71,1017.5,370.5,121.0,265.0,0.45660377,137.3,109.8,0.8,164.3,84.5,22.9,167.3,86.5,150.6,165.6,87.6,148.8,110.6,61.6,64.2,123.6,1
1,72,1194.5,427.0,215.0,338.0,0.6360947,139.9,82.2,25.5,178.3,132.2,69.9,130.4,41.0,109.3,129.0,147.7,90.6,107.6,62.3,68.3,121.7,1
2,72,1018.5,365.5,121.0,271.0,0.44649446,135.9,108.4,5.8,175.2,94.2,28.3,163.1,84.4,158.8,160.3,87.0,155.8,102.6,65.8,74.3,117.2,1
1,73,1194.0,421.5,216.0,337.0,0.64094955,138.6,85.5,20.5,179.2,133.3,70.2,127.0,35.2,106.3,125.1,148.8,91.4,106.0,63.1,71.1,119.8,1
2,73,1017.5,362.0,121.0,272.0,0.44485295,140.3,109.5,9.2,179.3,105.0,38.1,148.5,70.5,147.8,144.4,103.4,141.2,100.4,67.0,77.3,115.4,1
1,74,1192.0,417.5,218.0,341.0,0.6392962,138.1,88.2,16.9,178.0,131.7,67.9,126.1,33.3,105.4,124.1,149.3,91.6,105.1,63.7,72.0,119.1,1
2,74,1017.0,359.5,120.0,279.0,0.43010753,146.0,108.7,5.0,176.8,101.5,36.8,144.7,74.4,149.2,137.9,103.3,139.9,103.6,64.7,74.8,116.8,1
1,75,1190.0,414.0,224.0,346.0,0.6473988,138.8,84.4,19.9,178.1,133.4,68.3,128.6,31.9,105.1,125.8,149.5,93.0,104.3,65.1,73.2,117.5,1
2,75,1020.5,355.5,125.0,283.0,0.4416961,147.0,99.4,0.5,175.6,103.9,36.2,142.3,68.6,147.6,134.6,107.6,138.0,99.0,67.6,79.0,114.4,1
1,76,1189.0,411.5,224.0,347.0,0.64553314,135.4,87.5,14.2,176.3,131.5,64.1,127.6,30.4,106.3,124.4,151.9,93.2,101.8,67.4,75.9,114.9,1
2,76,1020.5,352.5,125.0,291.0,0.42955327,146.7,106.1,6.4,177.5,101.7,33.0,144.8,77.7,156.3,137.0,101.1,145.8,99.7,68.7,78.6,113.1,1
1,77,1191.0,409.5,220.0,351.0,0.6267806,135.2,89.5,11.5,177.5,129.4,61.4,126.6,33.1,110.1,123.6,150.8,95.3,101.0,68.0,77.0,113.9,1
2,77,1014.0,352.5,118.0,295.0,0.4,145.1,110.6,8.7,164.0,98.4,28.9,141.1,78.4,153.2,142.0,95.2,151.0,101.9,69.5,74.8,113.8,1
1,78,1194.0,409.0,210.0,354.0,0.59322035,137.3,85.8,14.4,177.9,130.6,60.9,122.9,30.9,110.0,120.0,151.8,97.2,100.2,69.7,79.1,111.0,1
2,78,1014.5,352.0,121.0,296.0,0.4087838,148.8,107.4,6.8,172.5,103.9,34.4,145.2,78.4,156.0,145.4,95.4,152.5,100.7,69.6,77.7,112.1,1
1,79,1192.5,407.5,209.0,361.0,0.57894737,136.4,85.5,13.4,175.1,131.0,60.2,115.9,28.5,109.0,113.6,154.8,95.5,98.9,70.8,80.5,109.8,1
2,79,1016.5,349.0,125.0,306.0,0.40849674,149.8,109.0,10.7,176.0,109.7,39.4,151.7,82.8,163.0,154.0,87.3,161.6,98.4,70.3,80.2,111.1,1
1,80,1190.5,406.0,209.0,368.0,0.5679348,137.7,87.9,9.7,174.0,131.3,59.8,120.5,30.6,112.5,117.6,151.7,99.2,97.6,71.4,81.9,109.1,1
2,80,1017.5,348.0,129.0,310.0,0.41612902,147.9,106.8,12.4,177.5,110.8,38.3,164.2,85.0,170.2,161.5,86.1,166.2,94.4,72.5,85.3,107.8,1
1,81,1190.0,407.0,206.0,374.0,0.5508021,137.9,86.5,10.4,175.8,130.5,58.7,117.5,28.6,110.8,114.8,153.6,97.3,96.9,71.8,82.2,109.1,1
2,81,1018.0,346.0,126.0,312.0,0.40384614,148.6,106.6,12.7,178.8,110.5,37.4,176.4,90.8,176.3,176.9,78.5,174.0,93.9,73.2,85.5,107.5,1
1,82,1188.0,410.0,212.0,384.0,0.5520833,128.7,95.0,0.1,177.4,131.1,56.7,126.5,34.3,117.8,123.5,149.6,103.5,95.1,74.4,83.5,107.0,1
2,82,1018.5,347.5,127.0,315.0,0.4031746,142.4,108.0,13.5,175.1,107.5,33.7,162.4,87.0,171.3,159.7,85.8,166.9,94.4,73.8,84.4,107.3,1
1,83,1184.0,415.5,220.0,397.0,0.5541562,132.5,93.9,1.6,174.3,133.2,59.1,127.3,35.4,118.6,124.3,149.2,103.6,95.5,74.2,83.2,107.2,1
2,83,1021.0,346.0,126.0,318.0,0.3962264,140.6,109.4,15.7,179.6,108.2,33.4,162.1,88.2,173.1,157.6,87.6,165.8,93.7,74.8,84.9,106.6,1
1,84,1180.0,418.5,224.0,407.0,0.55036855,134.6,91.8,4.1,175.9,132.8,58.3,129.8,40.4,123.2,127.0,146.9,106.4,95.9,74.5,82.9,106.7,1
2,84,1022.5,343.5,125.0,321.0,0.3894081,148.1,106.0,14.6,179.7,108.7,32.4,158.5,86.7,173.7,158.8,87.7,167.0,91.4,76.4,86.9,105.4,1
1,85,1176.0,422.0,226.0,414.0,0.5458937,134.1,93.6,1.8,176.1,133.5,58.9,131.9,40.6,124.4,128.7,146.5,107.3,95.4,74.6,83.8,106.2,1
2,85,1023.0,341.5,124.0,325.0,0.38153845,152.8,102.6,14.0,176.2,108.7,30.3,163.6,86.4,175.8,163.7,88.7,167.8,88.6,78.4,89.4,103.5,1
1,86,1174.5,423.5,225.0,415.0,0.5421687,134.0,92.3,2.1,174.9,134.1,58.6,135.2,43.4,128.2,132.3,144.3,110.4,94.4,75.5,84.8,105.3,1
2,86,1024.0,340.0,122.0,328.0,0.37195122,152.4,103.2,14.0,174.8,105.0,26.8,166.1,89.0,178.0,163.6,89.9,166.4,89.2,78.1,88.9,103.8,1
1,87,1169.0,426.5,232.0,417.0,0.55635494,144.9,82.2,14.9,176.0,134.0,62.0,138.7,45.2,127.5,134.3,141.6,109.9,97.1,72.1,82.3,108.5,1
2,87,1025.0,339.0,122.0,332.0,0.36746988,155.1,102.8,12.7,178.9,103.8,25.4,162.6,89.6,177.7,160.4,91.7,164.9,90.0,78.5,88.1,103.4,1
1,88,1169.0,432.0,228.0,422.0,0.54028434,143.8,85.9,11.3,178.1,132.3,60.3,146.0,49.5,132.0,140.9,138.5,113.1,97.1,72.0,82.5,108.4,1
2,88,1025.0,338.0,122.0,332.0,0.36746988,158.0,107.7,10.6,171.2,94.3,21.0,159.6,93.0,174.7,161.6,88.0,164.2,97.1,73.4,81.8,107.8,1
1,89,1164.5,432.0,227.0,418.0,0.5430622,157.5,62.4,19.7,170.5,152.2,62.5,125.7,23.9,121.9,137.4,153.7,116.2,82.2,89.7,98.0,90.1,1
2,89,1024.5,338.0,125.0,334.0,0.37425148,164.0,107.2,8.7,171.7,93.1,20.4,155.3,92.7,173.4,157.1,91.0,160.8,98.5,72.7,80.6,108.2,1
1,90,1161.5,437.5,225.0,419.0,0.53699285,146.2,79.6,17.5,178.7,131.1,56.9,147.1,50.9,133.3,142.8,137.1,116.6,97.1,74.2,82.4,106.3,1
2,90,1022.5,340.0,129.0,340.0,0.37941176,163.4,109.1,10.4,169.9,91.1,17.7,157.8,96.8,177.5,157.8,89.7,163.0,98.6,73.4,80.7,107.3,1
1,91,1161.5,439.5,223.0,415.0,0.5373494,148.1,79.9,17.0,175.7,130.2,55.3,147.5,52.0,134.7,143.4,136.2,118.2,96.9,74.8,82.7,105.6,1
2,91,1019.5,344.5,135.0,349.0,0.38681948,159.1,109.1,11.0,172.7,88.0,14.3,158.6,97.7,178.5,160.5,89.6,163.1,98.1,73.7,80.8,107.3,1
1,92,1158.5,442.0,225.0,410.0,0.5487805,139.4,87.4,10.6,173.1,128.6,56.8,140.7,50.2,130.5,137.8,138.7,111.6,98.0,71.9,80.3,109.7,1
2,92,1018.0,349.0,136.0,360.0,0.37777779,154.3,106.2,10.7,176.2,90.5,14.4,161.5,95.2,178.3,160.0,91.8,162.9,95.5,76.1,83.1,105.3,1
1,93,1156.5,442.5,223.0,407.0,0.5479115,128.4,95.4,1.9,170.1,127.2,55.8,135.9,50.2,130.6,133.2,140.6,108.5,97.2,71.5,80.5,110.9,1
2,93,1015.5,357.0,141.0,374.0,0.37700534,167.1,107.5,10.7,174.1,91.5,16.6,160.8,98.8,178.2,160.4,92.0,162.7,96.8,74.9,83.0,105.3,1
1,94,1156.0,443.0,214.0,402.0,0.5323383,153.4,75.2,8.0,177.8,142.1,53.6,125.1,40.7,134.8,136.6,146.1,119.7,83.2,88.5,94.1,94.2,1
2,94,1015.5,361.0,139.0,378.0,0.36772487,165.2,111.2,12.5,176.5,93.4,20.2,160.6,99.5,179.3,160.3,90.9,162.2,98.7,73.2,81.2,106.9,1
1,95,1150.5,446.0,211.0,404.0,0.52227724,126.7,92.0,2.3,177.8,123.4,48.6,131.3,52.8,136.9,127.6,142.3,110.9,94.3,74.8,84.1,106.8,1
2,95,1014.5,362.5,133.0,369.0,0.3604336,153.6,106.9,16.7,165.6,99.0,19.9,171.0,100.4,170.4,167.0,92.9,165.6,90.3,79.1,89.2,101.5,1
1,96,1148.0,447.0,212.0,400.0,0.53,128.9,92.8,1.8,178.0,123.3,49.0,124.1,47.4,131.2,120.3,148.4,104.2,94.6,74.3,83.8,107.3,1
2,96,1012.0,366.0,134.0,364.0,0.36813188,156.2,108.5,17.3,163.1,98.7,21.2,170.6,102.6,168.1,163.0,94.4,163.6,91.2,77.6,89.2,102.0,1
1,97,1146.5,447.0,213.0,400.0,0.5325,123.6,91.4,3.8,179.7,123.3,49.5,114.9,39.7,122.2,112.0,157.4,94.1,95.2,73.8,82.5,108.5,1
2,97,1010.5,368.5,129.0,357.0,0.36134455,159.8,105.0,13.2,168.8,97.3,20.4,170.5,99.7,171.8,164.3,93.4,163.7,91.7,76.9,88.5,102.9,1
1,98,1140.5,447.5,213.0,399.0,0.5338346,123.4,90.0,4.4,174.2,122.9,47.5,118.5,43.0,126.4,113.8,157.1,96.1,94.4,75.4,83.5,106.7,1
2,98,1010.0,373.5,130.0,345.0,0.3768116,173.7,75.8,10.2,175.8,91.9,2.0,173.7,85.8,179.6,170.1,91.0,179.5,86.0,90.0,94.6,89.4,1
1,99,1137.5,449.5,207.0,397.0,0.5214106,119.8,93.2,2.7,172.2,122.1,47.1,116.3,40.4,122.1,113.3,157.1,95.4,95.9,75.0,81.7,107.5,1
2,99,1009.0,375.5,132.0,343.0,0.38483965,162.1,104.6,14.8,151.9,104.7,29.6,171.1,99.0,169.0,163.6,93.0,164.0,89.9,75.1,92.0,103.0,1
1,100,1134.0,450.5,204.0,397.0,0.5138539,118.7,94.3,2.3,167.3,119.4,45.4,114.8,39.9,120.4,112.5,155.0,96.1,96.6,74.0,80.4,108.9,1
2,100,1004.0,377.5,124.0,337.0,0.36795253,151.0,100.2,19.9,163.9,97.9,10.6,171.9,89.3,172.4,170.4,92.4,173.6,80.3,87.3,98.3,94.0,1
1,101,1133.0,450.0,198.0,394.0,0.5025381,114.0,96.0,0.3,160.0,117.3,41.5,115.2,42.7,124.4,110.4,152.6,100.6,95.8,75.8,81.7,106.8,1
2,101,1001.0,380.5,120.0,333.0,0.36036035,146.5,102.9,22.0,167.1,96.4,10.1,173.9,85.4,176.6,171.1,91.3,174.0,81.0,86.4,98.0,94.7,1
1,102,1131.5,451.0,197.0,394.0,0.5,113.4,98.0,2.4,157.9,115.5,39.9,121.7,46.7,128.4,116.3,148.8,104.1,95.6,75.6,81.7,107.1,1
2,102,995.0,383.5,116.0,329.0,0.3525836,161.8,100.1,8.8,169.2,101.5,23.9,156.1,92.7,179.3,154.2,83.4,173.5,91.3,77.6,88.0,103.1,1
1,103,1128.5,451.5,201.0,395.0,0.50886077,116.0,95.9,0.8,157.3,115.8,40.2,120.3,43.4,125.9,116.4,149.3,103.9,95.1,75.6,82.4,106.9,1
2,103,991.0,381.0,108.0,324.0,0.33333334,179.8,115.8,11.8,169.1,71.4,1.0,161.8,105.7,178.0,159.9,67.7,177.0,104.1,70.4,76.3,109.3,1
1,104,1127.5,452.5,199.0,395.0,0.5037975,116.7,96.4,1.1,159.8,116.6,41.1,119.6,42.5,124.9,116.5,147.9,105.2,95.3,75.4,82.4,106.9,1
2,104,990.5,382.5,115.0,327.0,0.35168195,150.4,110.9,28.2,157.3,100.1,14.7,168.0,89.5,174.9,166.3,81.4,177.6,82.6,85.4,95.7,96.2,1
1,105,1128.0,453.0,198.0,396.0,0.5,121.4,94.7,0.6,161.4,116.2,40.6,121.2,42.2,124.8,118.6,145.9,107.5,95.3,75.5,82.6,106.6,1
2,105,989.0,380.5,122.0,329.0,0.37082067,164.6,100.0,12.4,161.0,109.0,30.6,161.4,91.2,175.9,158.2,84.1,174.7,87.6,78.3,92.8,101.3,1
1,106,1127.0,451.5,200.0,397.0,0.50377834,113.9,99.2,6.2,159.3,115.5,38.4,131.8,47.8,132.2,128.5,138.7,115.7,93.0,77.0,84.4,105.6,1
2,106,983.5,379.0,115.0,328.0,0.35060975,161.1,110.4,25.0,161.0,95.1,12.3,169.8,84.5,178.1,172.5,88.6,173.3,85.3,82.9,93.6,98.2,1
1,107,1127.0,450.0,198.0,396.0,0.5,109.6,101.3,10.1,159.9,114.4,36.2,134.2,47.4,133.1,129.5,142.4,112.6,91.1,78.2,85.7,105.0,1
2,107,981.0,379.5,118.0,329.0,0.3586626,158.3,105.9,14.5,162.4,108.3,31.0,166.8,98.9,171.9,163.7,76.0,178.2,91.4,77.3,89.2,102.2,1
1,108,1127.0,448.5,200.0,399.0,0.5012531,113.1,100.6,10.5,163.3,116.2,37.5,141.2,47.7,134.7,138.0,136.6,119.2,90.1,78.7,87.0,104.2,1
2,108,980.5,380.0,127.0,332.0,0.38253012,164.9,103.5,15.8,155.8,114.8,36.9,172.6,96.0,171.7,173.7,74.7,176.7,87.7,77.9,92.3,102.1,1
1,109,1125.5,448.0,205.0,402.0,0.5099502,114.1,101.6,12.2,164.8,117.5,38.8,139.3,46.1,134.0,137.3,134.7,121.2,89.4,78.7,87.8,104.1,1
2,109,973.5,378.0,115.0,330.0,0.34848484,155.4,104.4,15.6,164.6,108.9,30.5,178.6,96.1,172.3,172.5,77.1,178.3,88.7,78.4,91.7,101.2,1
1,110,1123.0,447.5,210.0,403.0,0.5210918,115.8,100.3,9.3,168.8,119.8,42.8,135.4,41.4,127.6,133.7,138.5,115.8,91.0,77.0,86.2,105.7,1
2,110,973.0,377.0,120.0,330.0,0.36363637,155.9,104.8,14.7,164.5,109.5,32.4,177.1,95.8,174.0,171.9,76.6,179.0,90.1,77.2,90.3,102.4,1
1,111,1122.5,448.0,213.0,406.0,0.52463055,120.8,97.3,4.2,171.5,121.6,45.8,128.0,35.5,119.8,126.1,144.6,108.6,93.0,75.8,84.3,106.9,1
2,111,970.0,376.0,118.0,330.0,0.35757574,172.6,110.8,23.1,160.2,95.6,14.3,175.0,86.8,177.0,179.1,86.0,173.2,87.6,81.3,90.3,100.8,1
1,112,1122.5,448.0,213.0,408.0,0.52205884,120.4,97.5,5.3,170.4,120.9,44.4,125.3,33.8,119.2,123.1,146.1,108.1,92.2,76.5,85.5,105.8,1
2,112,976.5,377.5,133.0,335.0,0.39701492,148.3,121.1,37.2,159.7,100.2,16.8,173.2,79.5,172.6,173.3,87.6,172.7,83.9,83.3,93.1,99.7,1
1,113,1119.5,448.0,217.0,410.0,0.52926826,119.8,97.4,5.7,168.4,120.8,44.1,125.8,34.3,120.3,123.8,145.1,109.3,91.7,76.7,86.0,105.6,1
2,113,976.0,378.0,134.0,334.0,0.4011976,164.8,110.5,22.6,155.6,112.1,31.9,177.1,100.6,167.2,177.2,75.9,175.7,87.9,80.2,92.1,99.7,1
1,114,1118.0,450.5,218.0,415.0,0.5253012,119.5,97.5,6.2,167.2,119.4,42.0,128.6,37.0,123.6,126.1,144.4,111.0,91.4,77.4,86.6,104.6,1
2,114,975.5,376.5,133.0,331.0,0.4018127,169.9,109.4,12.1,163.9,100.7,23.6,173.2,108.0,171.2,175.2,73.7,178.5,97.3,77.1,80.8,104.8,1
1,115,1121.5,455.0,213.0,422.0,0.50473934,132.5,97.0,3.3,176.2,119.0,44.6,134.0,46.3,130.9,130.1,133.7,119.1,93.7,74.5,84.7,107.1,1
2,115,976.0,376.0,134.0,334.0,0.4011976,167.1,132.6,18.6,177.2,79.1,17.5,155.3,144.1,157.4,162.3,40.8,166.7,114.1,61.6,58.5,125.8,1
1,116,1120.5,456.0,215.0,428.0,0.50233644,133.7,96.4,3.3,177.0,119.8,44.3,136.5,47.5,132.6,132.0,134.3,119.4,93.1,75.4,85.2,106.3,1
2,116,975.0,376.5,134.0,333.0,0.4024024,149.5,117.8,33.8,155.9,106.8,23.6,144.3,63.4,156.1,148.6,102.9,157.1,84.1,83.2,92.8,100.0,1
1,117,1119.5,460.5,213.0,441.0,0.4829932,135.8,76.0,7.8,172.2,130.2,43.6,132.3,34.9,129.9,139.6,142.3,123.1,83.8,86.6,94.9,94.6,1
2,117,975.0,376.0,132.0,334.0,0.39520958,156.9,109.3,20.7,154.7,112.4,36.2,152.2,107.6,160.2,153.5,61.4,164.4,88.6,76.1,92.2,103.1,1
1,118,1120.5,464.0,213.0,446.0,0.47757846,133.5,94.6,1.8,178.3,120.8,45.0,142.1,49.8,135.3,137.6,133.4,120.6,92.7,75.8,85.4,106.0,1
2,118,975.5,375.0,131.0,330.0,0.3969697,151.4,109.2,19.7,170.0,104.2,27.5,160.9,105.6,164.3,160.2,62.8,166.6,89.5,76.6,90.1,103.8,1
1,119,1117.5,468.5,219.0,451.0,0.4855876,134.2,94.0,0.8,177.4,121.0,45.5,146.1,50.8,135.7,141.5,132.4,121.2,93.1,75.5,85.0,106.4,1
2,119,976.5,375.5,131.0,333.0,0.3933934,147.3,107.9,18.5,166.9,104.2,27.9,164.2,102.6,167.4,165.8,67.8,172.1,89.4,76.3,90.0,104.3,1
1,120,1111.0,471.5,232.0,455.0,0.50989014,135.3,92.3,1.7,176.8,122.1,47.1,147.1,50.7,135.0,142.4,133.3,120.0,94.0,75.1,84.3,106.7,1
2,120,977.0,373.5,128.0,331.0,0.38670695,156.7,104.8,15.7,175.6,102.5,26.9,174.5,98.0,172.5,178.8,80.6,173.6,89.1,75.6,89.5,105.8,1
1,121,1107.5,474.5,239.0,461.0,0.51843816,134.3,91.0,2.5,176.6,123.2,47.7,149.4,51.1,135.5,144.9,132.8,120.7,93.6,75.6,84.4,106.5,1
2,121,974.5,376.0,129.0,330.0,0.3909091,147.2,103.8,11.6,168.0,103.8,30.6,172.8,98.5,174.6,175.4,73.4,179.0,92.3,73.2,86.9,107.6,1
1,122,1108.0,477.5,234.0,461.0,0.5075922,136.7,91.9,1.2,178.6,123.3,47.0,154.4,55.2,140.5,150.2,128.2,126.5,93.0,76.3,85.3,105.3,1
2,122,974.0,377.0,130.0,332.0,0.39156628,148.2,103.0,10.2,168.0,103.6,31.4,179.6,92.8,179.1,178.1,76.5,174.7,92.8,72.1,86.3,108.8,1
1,123,1107.5,483.0,231.0,460.0,0.5021739,137.5,90.8,2.6,177.6,125.8,49.1,152.5,54.8,139.5,148.7,129.2,125.5,93.3,76.7,84.7,105.3,1
2,123,973.0,381.0,136.0,340.0,0.4,161.7,102.5,8.8,179.4,101.9,30.1,172.2,91.9,176.8,171.0,85.9,164.4,93.7,71.8,84.8,109.7,1
1,124,1105.5,485.0,233.0,454.0,0.51321584,138.4,89.8,4.1,175.1,127.1,50.8,148.9,53.5,137.8,145.1,131.9,122.6,93.9,76.3,84.3,105.6,1
2,124,971.5,389.5,139.0,357.0,0.38935575,162.9,102.4,8.0,176.0,99.1,27.1,168.9,92.9,177.0,165.5,90.5,159.8,94.4,71.9,84.0,109.7,1
1,125,1104.5,488.0,231.0,454.0,0.5088106,141.3,89.1,5.9,173.8,127.4,51.8,144.6,51.1,134.2,141.3,135.2,118.4,94.9,75.6,83.1,106.4,1
2,125,970.0,396.5,146.0,369.0,0.39566395,167.7,101.3,6.8,173.1,101.8,30.0,164.2,90.6,174.4,163.0,95.3,154.8,94.5,71.8,83.8,109.9,1
1,126,1103.0,488.5,234.0,453.0,0.51655626,141.9,89.1,5.8,172.0,129.2,53.3,142.1,49.2,132.1,138.9,137.6,116.2,94.9,75.9,83.0,106.2,1
2,126,967.0,402.0,148.0,376.0,0.39361703,165.9,103.3,5.1,176.0,96.6,27.7,160.9,89.7,170.4,160.4,94.2,153.6,98.2,68.9,80.6,112.2,1
1,127,1102.0,490.5,234.0,451.0,0.518847,137.9,90.7,4.7,174.2,127.9,53.0,137.2,47.1,129.9,134.4,139.9,113.2,95.4,74.9,82.9,106.9,1
2,127,962.0,406.0,150.0,378.0,0.3968254,164.1,108.2,6.2,179.7,91.2,23.9,162.0,93.0,170.8,160.0,91.5,155.6,102.0,67.3,77.8,112.9,1
1,128,1100.5,493.0,235.0,448.0,0.5245536,136.0,90.7,5.0,179.6,126.2,52.2,132.5,45.3,127.8,130.2,142.6,109.6,95.7,74.0,82.5,107.7,1
2,128,954.5,410.0,145.0,382.0,0.37958115,160.4,108.8,6.5,176.6,86.0,17.0,162.9,98.1,175.6,158.0,89.3,159.5,102.4,69.0,77.5,111.1,1
1,129,1099.0,494.5,236.0,443.0,0.53273135,133.2,92.8,2.7,179.9,126.9,52.8,132.9,44.6,127.7,129.7,143.0,109.7,95.5,74.1,83.1,107.3,1
2,129,955.0,413.5,148.0,381.0,0.38845146,160.8,106.6,8.9,173.8,91.8,20.9,167.3,99.6,178.1,159.7,89.9,161.2,97.8,71.0,82.3,109.0,1
1,130,1099.0,495.0,234.0,440.0,0.5318182,130.3,93.2,2.2,179.8,126.8,52.4,131.1,43.5,126.6,127.8,145.1,107.8,95.4,74.4,83.1,107.1,1
2,130,954.0,415.5,146.0,375.0,0.38933334,156.6,111.1,13.9,164.9,94.2,22.2,171.2,99.8,176.0,161.1,92.3,161.1,97.2,72.0,84.2,106.6,1
1,131,1098.0,496.0,234.0,442.0,0.5294118,125.2,95.1,,179.0,126.7,52.5,128.5,41.3,124.3,125.2,147.0,105.2,95.1,74.2,83.0,107.7,1
2,131,954.0,415.0,146.0,366.0,0.3989071,176.5,74.5,2.9,173.3,93.8,2.4,174.0,85.4,171.1,169.0,91.4,174.3,77.4,96.2,103.5,82.9,1
1,132,1095.5,496.0,235.0,434.0,0.54147464,128.5,92.4,4.6,179.5,128.4,55.8,123.2,38.4,119.1,120.7,150.2,100.0,97.0,72.5,80.7,109.8,1
2,132,948.0,419.0,136.0,358.0,0.37988827,169.3,97.4,15.0,164.6,96.0,6.2,166.3,86.2,176.9,165.5,88.7,179.5,82.4,89.9,96.9,90.8,1
1,133,1094.5,497.5,229.0,431.0,0.5313225,123.9,95.7,1.1,177.8,126.4,53.6,123.5,38.5,119.4,120.7,150.9,99.5,96.7,72.8,80.9,109.6,1
2,133,948.5,421.5,137.0,351.0,0.3903134,169.9,108.2,17.4,169.0,90.3,8.1,161.8,89.5,178.7,161.8,82.3,179.8,90.8,82.2,89.1,97.8,1
1,134,1095.5,499.0,223.0,428.0,0.52102804,117.9,97.7,1.2,174.6,124.0,50.7,121.4,37.9,118.3,118.7,152.6,97.5,96.5,73.3,80.4,109.8,1
2,134,943.5,424.0,133.0,346.0,0.38439307,163.3,99.5,1.8,174.5,89.5,19.1,156.3,95.3,176.8,156.1,78.4,171.2,97.6,70.4,81.5,110.4,1
1,135,1094.5,500.5,223.0,425.0,0.5247059,119.9,96.3,0.6,172.9,123.1,49.8,121.2,39.3,119.4,118.7,152.2,98.1,96.9,73.3,80.1,109.7,1
2,135,939.5,425.5,125.0,341.0,0.36656892,145.4,169.1,13.8,170.0,30.2,7.8,165.0,162.1,179.7,160.3,19.2,176.7,155.3,22.4,18.1,164.1,1
1,136,1094.0,501.5,220.0,423.0,0.5200946,122.3,94.3,3.4,169.7,121.5,48.8,119.2,38.2,117.6,116.7,153.6,96.2,97.7,72.7,79.4,110.2,1
2,136,937.5,427.5,137.0,335.0,0.40895522,167.3,109.1,22.3,155.6,109.1,32.0,163.4,91.2,176.3,166.2,76.6,179.7,86.8,77.0,92.5,103.7,1
1,137,1091.0,501.5,218.0,423.0,0.51536644,125.2,90.8,7.2,168.5,119.6,46.9,112.1,33.1,112.5,110.3,158.3,91.7,98.0,72.7,79.3,110.0,1
2,137,934.0,428.0,130.0,334.0,0.38922155,154.2,111.3,31.4,160.9,97.9,12.1,178.7,78.1,176.8,178.8,86.1,178.2,79.9,85.8,98.6,95.7,1
1,138,1087.5,501.5,219.0,425.0,0.51529413,127.6,91.7,5.6,170.9,118.9,45.4,114.1,36.1,116.1,112.0,155.5,95.3,97.3,73.4,80.0,109.3,1
2,138,933.5,428.5,133.0,335.0,0.39701492,166.9,101.1,16.0,152.0,110.1,33.5,171.2,93.6,171.0,167.0,79.3,177.8,85.1,76.6,95.4,102.9,1
1,139,1086.0,501.5,216.0,423.0,0.5106383,124.6,94.1,2.1,171.0,117.5,43.1,117.8,40.6,121.3,115.2,151.5,99.8,96.2,74.4,80.7,108.7,1
2,139,929.5,428.5,133.0,337.0,0.39465874,165.9,106.5,12.6,158.6,106.4,33.4,166.1,100.5,172.5,165.0,73.6,179.7,93.9,73.0,86.9,106.1,1
1,140,1083.5,502.5,213.0,423.0,0.5035461,126.6,92.0,4.1,173.6,117.9,43.0,116.1,40.5,121.1,113.9,150.3,101.3,96.1,74.9,80.6,108.4,1
2,140,926.0,422.0,134.0,334.0,0.4011976,155.8,110.7,26.1,168.3,97.8,14.7,177.4,77.7,171.5,175.2,98.9,162.6,84.6,83.1,93.9,98.5,1
1,141,1078.0,503.5,216.0,421.0,0.51306415,133.4,68.1,16.1,170.4,133.3,46.8,100.1,23.9,112.9,115.4,154.3,105.5,84.2,86.6,89.0,100.2,1
2,141,925.5,423.5,143.0,345.0,0.41449276,167.7,102.4,14.4,146.4,109.9,35.7,175.5,104.0,162.5,179.3,71.5,175.7,88.1,74.1,93.5,104.3,1
1,142,1077.0,505.0,214.0,424.0,0.504717,147.1,45.3,30.8,177.9,149.7,53.8,84.7,1.4,99.8,106.6,168.7,101.8,76.1,95.9,98.5,89.5,1
2,142,922.5,417.0,141.0,342.0,0.4122807,157.1,114.3,30.1,168.4,96.5,14.5,175.4,73.9,166.9,170.1,101.9,157.2,84.1,82.0,93.0,100.9,1
1,143,1075.0,504.5,212.0,425.0,0.49882352,147.8,46.8,31.3,175.9,145.1,51.3,91.5,8.8,105.9,106.1,163.6,105.3,78.1,93.8,97.1,91.1,1
2,143,918.5,413.5,141.0,345.0,0.40869564,152.9,111.2,26.6,169.8,92.8,10.4,177.9,81.0,172.3,174.7,96.1,162.3,84.6,82.5,91.3,101.6,1
1,144,1072.0,504.0,214.0,430.0,0.4976744,151.2,50.4,30.2,177.6,141.2,51.2,99.4,16.8,111.6,106.6,157.4,108.1,80.7,90.0,94.9,94.5,1
2,144,917.0,411.5,138.0,349.0,0.39541548,157.8,115.7,29.9,172.2,93.1,11.8,177.8,82.0,172.9,179.2,87.7,170.4,85.9,81.3,90.9,101.9,1
1,145,1067.5,502.5,221.0,433.0,0.5103926,150.3,51.8,30.4,176.6,142.0,53.0,98.8,18.7,112.3,108.7,155.7,109.1,82.2,88.9,93.6,95.2,1
2,145,914.0,413.0,144.0,362.0,0.39779004,133.9,107.3,24.2,168.5,104.1,21.6,158.1,61.7,156.3,161.8,103.4,156.8,83.1,82.5,94.6,99.8,1
1,146,1064.5,500.5,225.0,429.0,0.5244755,138.9,88.8,10.0,175.4,122.7,53.6,117.9,42.2,120.9,114.7,139.2,107.4,98.8,69.1,78.7,113.4,1
2,146,911.5,411.0,143.0,368.0,0.38858697,135.1,105.5,23.0,167.9,102.9,20.5,161.7,66.1,160.8,166.1,99.8,159.8,82.5,82.4,94.7,100.5,1
1,147,1063.5,499.0,229.0,430.0,0.53255814,138.9,87.8,11.9,173.4,123.7,55.3,119.4,42.4,119.7,116.0,142.0,103.5,99.7,68.4,77.3,114.6,1
2,147,911.5,410.5,145.0,371.0,0.39083558,135.6,105.5,21.0,165.1,106.8,26.2,147.6,56.0,148.9,152.4,108.2,149.8,84.4,80.7,92.9,102.0,1
1,148,1059.5,494.0,239.0,434.0,0.55069125,136.0,91.1,7.0,174.2,124.8,55.3,124.5,45.6,124.9,120.6,136.7,110.3,98.1,69.5,79.3,113.0,1
2,148,911.0,410.5,142.0,371.0,0.38274932,136.7,106.8,21.3,167.7,104.4,23.8,147.7,58.9,151.2,152.3,106.6,151.8,85.6,80.6,92.2,101.6,1
1,149,1057.0,492.5,242.0,439.0,0.55125284,139.0,88.9,9.8,173.4,126.3,57.3,120.2,41.6,120.5,116.4,139.4,107.1,98.7,69.0,78.9,113.5,1
2,149,908.0,409.5,144.0,369.0,0.3902439,172.5,99.9,18.6,155.3,104.3,21.8,166.2,98.4,162.6,172.5,72.7,169.8,81.3,82.6,99.1,97.1,1
1,150,1054.0,492.0,252.0,440.0,0.57272726,137.8,87.7,11.5,175.6,128.2,59.6,118.8,38.8,117.0,114.5,143.4,102.7,99.2,68.6,78.3,113.9,1
2,150,908.0,409.5,144.0,371.0,0.38814017,170.6,100.2,19.8,151.0,105.1,22.2,164.3,96.1,164.1,173.1,77.9,174.9,80.4,82.9,99.8,97.0,1
1,151,1052.0,493.0,254.0,442.0,0.57466066,135.1,87.2,9.9,178.9,127.2,55.3,118.4,37.1,117.6,115.6,144.7,104.7,97.1,71.9,80.5,110.5,1
2,151,909.0,410.5,134.0,367.0,0.36512262,168.5,101.8,19.8,157.7,99.1,16.2,166.0,98.4,163.8,173.7,76.5,173.6,82.1,83.0,97.8,97.1,1
1,152,1050.5,494.0,255.0,448.0,0.5691964,133.3,88.3,8.1,175.5,127.5,55.1,121.9,38.5,119.9,118.3,143.5,106.8,96.4,72.4,81.5,109.7,1
2,152,909.5,411.0,135.0,364.0,0.3708791,163.8,112.4,27.8,165.5,85.8,0.8,145.9,118.2,147.4,149.9,61.6,156.1,84.6,86.5,94.4,94.5,1
1,153,1049.0,499.5,254.0,459.0,0.5533769,134.4,88.8,6.4,176.8,126.6,53.2,122.1,39.8,122.8,119.0,140.8,110.9,95.3,73.5,83.0,108.3,1
2,153,909.5,411.5,135.0,361.0,0.3739612,155.3,110.8,29.1,166.0,96.9,12.0,146.4,114.1,149.0,153.8,61.7,158.3,81.6,84.9,96.9,96.6,1
1,154,1049.5,503.0,249.0,464.0,0.5366379,133.6,90.3,3.3,175.4,125.4,50.1,122.4,41.4,126.6,118.9,139.5,114.6,93.6,75.3,85.1,105.9,1
2,154,911.5,412.5,135.0,359.0,0.37604457,147.3,114.8,37.3,165.9,87.9,3.9,106.5,141.1,117.9,113.2,36.6,126.3,77.5,91.8,101.0,89.8,1
1,155,1047.5,505.5,249.0,467.0,0.53319055,136.6,88.1,5.7,176.0,125.6,50.1,119.8,41.1,126.3,116.7,140.9,113.5,93.8,75.5,85.2,105.5,1
2,155,911.5,412.5,133.0,353.0,0.37677053,149.6,110.2,25.8,170.8,90.6,9.2,127.5,124.6,142.0,132.9,50.9,151.7,84.4,81.4,93.4,100.8,1
1,156,1045.5,510.0,251.0,474.0,0.5295359,136.5,88.7,4.8,177.6,127.3,52.1,128.8,44.5,129.8,125.6,137.7,116.3,93.4,75.2,85.3,106.0,1
2,156,913.5,415.0,135.0,350.0,0.3857143,156.3,107.8,20.3,170.4,88.5,11.0,139.5,113.7,155.8,146.1,63.1,167.6,87.5,77.5,90.4,104.6,1
1,157,1048.0,517.5,246.0,485.0,0.5072165,144.6,88.8,5.8,177.9,128.1,52.8,140.5,52.1,135.7,137.0,133.7,119.8,94.6,75.2,83.6,106.5,1
2,157,914.5,416.5,137.0,353.0,0.388102,156.6,106.9,14.9,165.8,90.8,18.4,153.8,98.0,176.3,159.0,76.2,173.9,92.0,72.4,85.7,109.9,1
1,158,1047.0,528.5,246.0,501.0,0.49101797,148.6,88.1,6.6,172.8,129.6,54.3,145.5,54.1,137.6,142.5,131.4,122.0,94.7,75.2,83.5,106.6,1
2,158,915.0,415.5,140.0,355.0,0.3943662,151.6,109.3,24.7,158.3,89.9,9.9,134.2,119.1,147.5,141.8,59.4,161.3,84.6,80.0,93.4,102.0,1
1,159,1047.0,533.0,240.0,502.0,0.47808766,145.7,70.3,13.2,166.5,148.3,61.3,128.9,25.4,123.2,141.0,146.2,122.2,83.5,87.0,97.8,91.6,1
2,159,915.0,416.5,142.0,355.0,0.4,150.2,111.3,26.0,168.1,87.1,7.1,136.9,121.0,146.3,144.0,56.4,158.5,85.3,80.0,92.6,102.1,1
1,160,1045.0,538.0,238.0,508.0,0.46850392,144.3,76.6,6.7,171.3,143.8,57.6,140.5,32.7,130.3,147.0,140.5,126.6,83.3,86.2,97.6,92.9,1
2,160,913.5,417.0,143.0,358.0,0.39944133,152.1,111.1,18.5,172.4,89.1,15.3,170.9,101.1,173.6,177.8,89.1,162.4,92.6,73.8,85.2,108.4,1
1,161,1042.5,543.5,235.0,505.0,0.46534654,146.5,70.1,13.8,170.7,145.0,58.7,135.9,30.6,127.8,143.2,143.2,124.1,83.9,86.3,97.1,92.7,1
2,161,911.0,423.5,142.0,369.0,0.38482386,154.6,109.6,12.4,179.9,85.7,15.9,168.1,91.0,171.6,163.0,92.5,155.2,97.2,69.8,80.6,112.4,1
1,162,1041.0,548.5,234.0,503.0,0.46520874,145.6,70.3,14.9,173.2,140.7,56.2,144.3,36.8,131.8,147.3,140.0,124.8,85.2,84.6,95.0,95.2,1
2,162,905.5,428.0,147.0,376.0,0.39095744,156.7,109.4,9.2,177.8,84.4,15.3,156.2,89.9,167.6,154.5,92.3,154.6,100.2,69.0,77.7,113.1,1
1,163,1039.0,550.5,228.0,495.0,0.46060607,138.9,78.4,9.6,172.7,129.6,46.7,141.4,40.7,129.7,148.4,136.5,123.5,88.0,83.0,89.1,100.0,1
2,163,902.0,431.0,152.0,384.0,0.39583334,149.9,119.4,8.1,172.4,74.9,13.3,154.7,97.3,165.8,150.9,86.1,155.3,111.3,61.6,68.5,118.6,1
1,164,1038.0,554.5,228.0,485.0,0.47010309,141.3,73.3,14.8,174.1,132.7,48.5,130.2,38.2,126.9,142.9,141.9,119.1,88.1,84.2,88.6,99.0,1
2,164,892.5,438.0,169.0,400.0,0.4225,145.7,122.4,10.4,166.9,69.1,7.0,149.6,101.2,169.9,143.7,84.4,158.5,112.1,62.1,68.7,117.1,1
1,165,1037.5,557.5,229.0,479.0,0.47807932,144.4,68.1,21.3,175.6,133.7,50.7,127.7,36.0,122.3,139.7,145.2,113.4,89.4,83.0,86.3,101.4,1
2,165,887.0,444.5,172.0,403.0,0.426799,145.3,114.4,10.0,168.7,75.9,7.2,151.9,98.3,173.6,146.1,90.4,158.0,104.4,68.7,75.3,111.6,1
1,166,1036.5,557.5,231.0,477.0,0.48427674,142.4,64.6,22.5,174.1,137.5,52.6,123.3,29.6,117.1,137.6,150.0,109.7,87.1,85.0,87.6,100.3,1
2,166,883.0,449.0,168.0,396.0,0.42424244,156.5,107.4,5.5,175.6,76.3,5.4,148.9,93.1,169.6,147.0,89.3,160.1,102.0,70.9,76.5,110.6,1
1,167,1033.0,557.5,236.0,477.0,0.4947589,137.2,64.8,21.3,171.5,138.3,53.1,122.6,28.6,116.8,138.0,149.7,109.8,86.1,85.2,88.2,100.5,1
2,167,881.0,451.0,162.0,390.0,0.41538462,155.7,106.7,4.8,179.8,79.7,10.6,151.3,96.0,173.1,147.5,82.7,165.5,101.9,69.1,77.1,111.9,1
1,168,1032.0,559.0,240.0,474.0,0.5063291,137.2,84.7,15.8,176.5,124.0,55.0,129.4,47.7,123.9,127.0,144.5,101.3,100.5,69.0,76.2,114.2,1
2,168,877.5,456.0,151.0,386.0,0.39119172,158.0,160.4,8.5,164.5,22.0,5.0,163.6,137.4,170.7,161.5,43.3,168.9,151.9,27.0,33.2,147.8,1
1,169,1030.0,559.5,238.0,469.0,0.5074627,144.9,48.4,38.1,169.0,143.1,58.0,115.5,24.3,112.3,130.7,154.5,105.2,86.5,85.2,88.0,100.3,1
2,169,879.0,458.0,152.0,378.0,0.4021164,155.1,112.4,8.3,177.3,83.2,15.3,166.4,99.0,175.6,164.1,81.9,166.6,104.1,67.9,76.5,111.5,1
1,170,1028.0,559.0,242.0,468.0,0.517094,133.8,84.7,15.1,178.3,123.7,54.0,126.2,47.4,124.1,123.8,145.2,101.0,99.8,69.7,76.7,113.8,1
2,170,877.0,460.5,150.0,373.0,0.40214476,156.1,120.2,8.4,178.8,79.2,17.0,170.1,101.6,171.6,168.9,76.7,167.3,111.8,62.2,70.0,116.0,1
1,171,1026.5,559.0,241.0,468.0,0.51495725,135.9,84.8,16.6,177.0,125.3,57.1,126.4,47.4,122.4,124.8,145.0,99.5,101.3,68.1,75.0,115.5,1
2,171,880.0,459.5,156.0,363.0,0.42975205,151.1,101.0,22.4,158.5,99.7,14.2,173.8,71.3,173.3,176.3,100.5,165.7,78.6,85.5,102.1,93.9,1
1,172,1026.5,560.0,239.0,470.0,0.50851065,139.2,82.0,19.5,174.9,126.7,58.3,127.0,44.8,119.2,125.6,146.7,97.6,101.5,68.4,74.4,115.7,1
2,172,874.5,462.0,145.0,354.0,0.40960452,160.9,92.3,14.5,167.0,92.5,3.2,176.0,82.2,175.8,170.9,92.1,177.0,77.8,89.3,102.0,90.9,1
1,173,1024.5,561.0,243.0,468.0,0.5192308,142.5,81.3,20.4,174.6,127.2,58.9,125.4,42.3,116.7,123.9,148.1,96.3,101.7,68.4,74.4,115.5,1
2,173,877.5,466.0,155.0,354.0,0.4378531,157.9,105.7,20.0,139.9,99.8,27.8,176.6,104.1,159.3,175.3,76.8,177.5,85.7,72.0,96.6,105.7,1
1,174,1025.0,561.0,240.0,468.0,0.51282054,141.7,78.1,23.2,178.3,125.4,56.2,121.6,39.5,113.8,121.1,150.8,93.8,101.2,69.2,74.2,115.3,1
1,175,1024.5,560.0,241.0,468.0,0.51495725,140.5,78.8,22.9,178.8,124.0,55.6,119.6,38.6,112.3,119.3,151.9,91.8,101.6,68.4,73.6,116.3,1
1,176,1022.0,562.0,242.0,466.0,0.5193133,144.7,77.0,25.8,171.7,126.8,59.2,116.0,36.4,108.7,116.9,154.2,88.5,102.8,67.6,72.3,117.3,1
1,177,1021.5,560.5,243.0,465.0,0.5225806,138.2,78.1,23.4,172.3,125.4,57.2,109.5,33.1,106.2,110.6,157.7,85.2,101.5,68.2,73.1,117.1,1
2,177,850.0,461.0,154.0,366.0,0.420765,150.8,107.4,14.5,144.1,112.3,43.0,172.4,99.3,172.4,167.0,71.0,179.5,92.9,69.3,88.3,109.5,1
1,178,1020.0,561.0,244.0,462.0,0.5281385,134.7,80.7,21.1,174.2,125.3,57.0,104.2,29.7,102.0,105.7,163.5,78.9,101.8,68.3,72.3,117.6,1
2,178,850.0,461.5,154.0,367.0,0.41961852,154.3,116.4,23.5,137.2,112.0,39.4,177.7,107.1,163.6,170.9,64.0,169.2,92.9,72.6,89.3,105.1,1
1,179,1017.0,565.0,244.0,462.0,0.5281385,134.9,54.4,27.1,165.0,146.2,57.5,92.1,9.6,100.2,122.3,166.1,94.7,81.5,88.7,90.6,99.1,1
2,179,842.5,462.0,163.0,372.0,0.43817204,158.9,114.6,21.6,133.4,114.4,40.9,172.6,103.9,167.3,166.9,68.1,172.8,93.0,73.5,88.8,104.7,1
1,180,1015.0,566.5,244.0,461.0,0.5292842,131.3,56.9,27.2,162.1,143.6,58.1,82.6,3.3,91.8,118.6,167.1,90.9,84.1,85.4,88.5,101.9,1
2,180,834.5,459.0,163.0,378.0,0.43121693,163.6,108.8,18.3,155.3,106.0,29.9,176.3,105.7,162.9,171.9,70.7,172.7,90.5,76.1,91.4,101.9,1
1,181,1012.0,566.0,246.0,462.0,0.53246754,128.1,63.2,24.1,160.1,133.0,48.5,87.8,14.8,99.4,115.6,162.6,93.8,87.3,84.5,84.6,103.6,1
2,181,831.0,456.5,160.0,377.0,0.4244032,165.6,107.4,13.7,158.9,105.4,31.6,175.9,109.7,162.4,175.9,64.2,168.9,93.7,73.8,87.9,104.7,1
1,182,1008.5,566.5,247.0,461.0,0.53579175,127.1,68.8,20.7,157.9,128.0,45.5,83.7,13.1,96.0,110.9,162.8,91.9,89.4,82.5,82.9,105.2,1
2,182,827.5,458.5,161.0,381.0,0.42257217,167.6,104.0,15.7,148.9,112.2,33.8,175.8,101.5,165.9,172.4,73.4,174.2,88.3,78.4,92.5,100.7,1
1,183,1003.5,565.0,251.0,464.0,0.5409483,123.4,72.3,16.8,156.6,127.7,45.2,77.4,8.0,91.2,105.6,165.3,89.6,89.1,82.5,83.2,105.2,1
2,183,825.0,457.0,164.0,382.0,0.42931938,165.8,103.6,18.3,147.7,111.9,32.1,177.8,99.4,165.3,179.1,71.6,171.3,85.2,79.8,95.3,99.7,1
1,184,998.0,564.0,258.0,466.0,0.55364805,121.1,50.4,28.2,138.8,139.3,46.5,66.3,7.4,82.3,99.3,176.2,85.0,78.6,92.8,89.8,98.8,1
2,184,821.0,457.5,164.0,385.0,0.425974,135.0,125.3,33.3,172.1,88.6,12.5,179.6,87.5,172.6,175.9,81.8,171.4,92.0,76.1,85.1,106.8,1
1,185,992.5,564.5,259.0,469.0,0.5522388,130.6,57.3,26.2,155.0,137.3,49.7,73.1,2.4,85.4,98.5,171.0,88.0,83.6,87.6,87.8,101.0,1
2,185,819.0,456.0,164.0,390.0,0.42051283,162.9,106.8,18.0,142.2,111.3,33.4,175.8,95.5,171.9,170.6,79.4,179.9,88.8,78.0,92.7,100.6,1
1,186,989.0,567.0,256.0,472.0,0.5423729,143.6,44.4,34.7,169.6,147.8,57.0,89.6,0.8,93.5,105.8,170.1,94.1,79.1,90.7,94.4,95.8,1
2,186,817.0,457.0,166.0,392.0,0.4234694,160.2,106.3,20.8,141.7,110.1,30.6,179.4,93.4,170.7,169.7,83.4,177.5,85.5,79.5,95.9,99.2,1
1,187,984.0,565.5,258.0,475.0,0.5431579,146.5,46.3,33.5,170.3,147.9,58.2,100.2,7.3,101.3,110.2,164.7,98.8,79.8,89.7,94.0,96.6,1
2,187,813.0,455.5,166.0,389.0,0.42673522,160.9,103.7,19.4,139.0,116.4,36.2,175.0,93.4,170.4,176.4,81.3,179.5,84.3,80.2,96.3,99.2,1
1,188,978.5,564.5,261.0,475.0,0.5494737,154.6,43.3,38.0,173.3,149.2,60.4,108.6,18.5,111.0,118.9,157.4,105.3,81.4,88.8,92.4,97.4,1
2,188,812.0,453.5,166.0,383.0,0.43342036,161.8,104.9,20.5,137.1,116.5,36.6,172.9,94.9,168.8,177.5,82.9,177.8,84.4,79.9,96.4,99.3,1
1,189,973.5,564.0,265.0,476.0,0.5567227,153.3,42.5,37.8,175.7,152.6,61.7,103.5,16.7,110.7,117.7,158.0,107.1,80.3,90.9,93.9,94.9,1
2,189,808.0,394.5,166.0,263.0,0.63117874,154.7,99.5,16.4,154.6,111.7,29.9,179.4,86.9,176.5,156.4,102.4,159.1,83.1,81.8,96.6,98.5,1
1,190,970.0,563.0,266.0,478.0,0.55648535,148.7,51.3,27.8,178.9,150.7,58.2,99.6,21.7,117.4,116.1,154.9,112.4,79.1,92.5,95.6,92.7,1
2,190,811.0,456.0,168.0,384.0,0.4375,159.5,106.4,23.0,138.6,115.0,34.4,171.4,91.5,171.8,177.9,86.8,173.9,83.4,80.6,96.6,99.3,1
1,191,970.0,561.0,264.0,480.0,0.55,146.3,52.7,27.4,174.8,151.6,60.0,103.5,25.2,119.5,119.0,153.6,112.5,80.1,91.6,94.4,93.9,1
2,191,811.5,458.0,167.0,386.0,0.4326425,158.3,108.7,25.1,139.6,107.5,27.5,179.3,90.8,171.9,161.5,92.8,168.1,83.7,80.0,97.3,99.1,1
1,192,970.5,560.5,263.0,483.0,0.54451346,151.3,49.0,33.1,174.2,148.7,59.8,113.4,28.5,121.3,121.7,149.3,114.5,82.1,88.9,92.8,96.2,1
2,192,814.0,459.5,168.0,387.0,0.43410853,156.8,109.6,26.8,141.0,107.9,27.2,177.7,85.4,176.5,159.2,96.9,164.8,82.8,80.7,98.2,98.3,1
1,193,969.0,560.0,266.0,486.0,0.5473251,149.6,53.2,28.9,174.0,147.8,59.5,119.1,29.9,123.5,125.2,146.2,117.7,82.1,88.3,93.5,96.1,1
2,193,814.5,459.0,167.0,390.0,0.42820513,154.5,110.4,27.8,145.7,107.2,25.4,176.3,85.8,176.8,158.9,96.0,165.8,82.6,81.8,97.4,98.2,1
1,194,968.5,559.0,269.0,486.0,0.55349797,148.2,56.0,26.7,175.0,147.3,59.7,118.4,29.0,122.4,124.9,146.5,117.2,82.7,87.6,93.4,96.3,1
2,194,813.0,412.0,168.0,298.0,0.5637584,165.1,104.3,21.5,157.1,107.7,25.8,175.5,76.4,172.6,154.8,105.6,155.2,82.8,81.8,96.2,99.2,1
1,195,968.0,559.5,268.0,487.0,0.550308,147.4,57.2,25.3,173.9,146.7,59.2,118.4,31.2,124.5,124.2,145.6,117.8,82.5,87.5,93.3,96.6,1
2,195,811.5,411.5,169.0,299.0,0.5652174,166.9,103.7,19.8,154.9,106.8,25.7,172.7,79.4,174.5,150.7,106.1,153.9,83.9,81.1,95.0,99.9,1
1,196,967.5,559.0,267.0,484.0,0.5516529,150.2,56.6,25.3,175.6,146.4,58.0,119.3,33.1,127.1,124.8,144.6,119.7,81.9,88.4,94.0,95.7,1
2,196,814.0,453.5,166.0,389.0,0.42673522,155.0,112.1,28.5,142.5,105.1,23.6,170.0,84.8,178.7,152.7,97.6,163.9,83.6,81.5,96.4,98.4,1
1,197,966.5,559.0,267.0,484.0,0.5516529,147.7,59.1,22.3,175.5,146.1,57.4,118.1,32.6,127.2,123.5,145.2,119.5,81.4,88.7,94.6,95.3,1
2,197,814.0,453.5,166.0,393.0,0.42239186,152.4,111.6,28.2,144.6,105.7,24.2,175.0,85.2,178.4,157.9,96.8,164.5,83.3,81.5,96.4,98.7,1
1,198,967.0,559.0,264.0,482.0,0.54771787,145.5,66.0,14.9,179.0,146.3,57.4,118.0,33.6,129.1,123.6,144.3,121.0,80.8,88.9,95.5,94.7,1
2,198,813.5,452.0,165.0,392.0,0.42091838,159.5,110.1,24.2,143.8,106.5,27.0,174.6,91.6,174.7,172.1,91.8,167.2,85.9,79.5,93.6,101.0,1
1,199,968.5,560.5,267.0,481.0,0.5550935,147.4,58.5,22.9,177.5,147.6,59.1,112.5,28.6,123.3,119.4,148.1,116.5,81.4,88.5,94.7,95.4,1
2,199,812.5,454.5,165.0,397.0,0.41561714,161.6,108.4,22.4,144.6,105.1,26.4,163.8,98.5,167.2,180.0,89.2,169.8,86.0,78.8,94.3,101.0,1
1,200,969.5,560.0,267.0,476.0,0.56092435,148.3,63.3,20.4,179.5,143.9,57.9,104.3,25.8,118.7,111.5,150.6,111.9,83.7,86.0,92.8,97.5,1
2,200,811.5,458.0,165.0,408.0,0.40441176,166.1,104.3,20.8,156.4,107.0,26.2,169.7,96.8,166.8,172.4,91.4,169.2,83.5,80.8,96.4,99.4,1
1,201,970.0,564.0,264.0,482.0,0.54771787,150.7,57.8,24.3,175.5,143.9,55.9,101.0,21.2,115.3,108.3,156.0,108.2,82.1,88.0,94.1,95.8,1
2,201,811.0,463.0,162.0,416.0,0.38942307,160.9,108.0,19.7,140.3,108.6,31.6,177.8,99.3,168.8,168.9,91.8,165.5,88.4,77.0,92.0,102.7,1
1,202,969.0,571.0,262.0,494.0,0.5303644,141.8,67.8,23.1,175.2,132.3,52.8,112.9,32.4,117.4,120.1,147.9,107.7,91.0,79.5,85.1,104.5,1
2,202,807.5,469.5,159.0,423.0,0.37588653,161.8,108.1,18.7,150.7,106.1,29.1,174.2,99.8,169.7,163.3,93.5,163.4,89.4,77.0,90.4,103.1,1
1,203,967.5,576.0,261.0,504.0,0.51785713,138.7,71.9,16.9,175.2,132.6,50.5,118.8,33.8,121.9,127.6,145.3,113.7,88.8,82.1,88.1,101.0,1
2,203,802.0,476.5,154.0,433.0,0.3556582,161.7,105.9,15.6,156.6,105.5,28.7,172.2,96.2,174.5,165.9,85.2,171.2,90.3,76.8,89.3,103.7,1
1,204,967.0,582.5,264.0,517.0,0.5106383,139.0,67.0,19.6,175.3,135.5,50.3,114.6,29.7,120.2,128.6,147.8,114.5,86.6,85.2,90.5,97.7,1
2,204,801.5,479.5,169.0,431.0,0.39211136,165.5,107.2,14.3,157.1,100.0,25.4,161.5,101.4,171.0,153.3,88.9,166.1,92.9,74.5,87.6,105.0,1
1,205,964.5,586.0,259.0,522.0,0.49616858,131.9,72.8,12.2,171.7,133.7,46.7,117.8,32.1,124.6,133.0,145.8,118.7,85.0,86.9,92.5,95.5,1
2,205,791.5,487.0,173.0,442.0,0.39140272,158.1,106.5,15.1,159.9,100.4,24.0,164.2,101.7,169.7,158.5,82.7,173.8,91.5,76.4,88.6,103.5,1
1,206,963.5,595.0,255.0,538.0,0.47397768,134.8,64.2,21.9,170.6,133.9,47.7,129.4,37.2,128.5,141.0,142.9,120.8,86.1,86.2,91.4,96.3,1
2,206,791.5,490.0,179.0,444.0,0.40315315,156.9,106.4,14.2,157.2,101.0,26.1,160.0,98.3,173.5,154.7,81.5,173.7,92.2,74.9,88.2,104.7,1
1,207,962.5,597.5,253.0,543.0,0.46593,140.8,60.2,27.4,172.8,132.4,47.9,136.4,38.4,128.1,142.6,141.7,119.8,87.6,84.4,89.6,98.4,1
2,207,784.5,499.0,173.0,448.0,0.3861607,164.0,107.4,9.2,166.7,97.8,26.4,153.5,100.8,176.7,152.7,78.6,173.5,98.3,71.4,82.5,107.8,1
1,208,962.0,600.5,248.0,541.0,0.45841035,135.5,54.8,22.2,164.5,139.7,43.2,131.1,37.0,133.0,144.9,148.0,121.6,77.1,96.5,96.0,90.4,1
2,208,782.0,499.5,176.0,437.0,0.402746,165.7,105.0,21.4,165.4,89.4,3.9,163.1,84.1,178.7,158.8,85.2,178.9,83.6,85.5,97.2,93.7,1
1,209,961.5,601.0,245.0,540.0,0.4537037,132.0,66.0,14.8,168.4,135.4,43.0,127.8,38.0,132.4,143.5,144.3,123.2,80.7,92.4,94.4,92.5,1
2,209,773.5,510.5,155.0,427.0,0.36299765,147.5,120.2,13.4,177.5,89.4,21.7,176.2,109.4,177.1,178.7,65.5,177.5,106.8,67.7,73.5,112.0,1
1,210,962.0,604.0,246.0,532.0,0.462406,134.8,65.0,16.2,168.2,135.0,42.8,126.2,36.1,129.4,142.9,146.4,120.4,81.2,92.2,93.4,93.2,1
2,210,773.5,514.0,161.0,418.0,0.38516745,143.1,114.1,11.9,170.5,87.9,16.4,156.9,99.4,175.4,159.8,73.8,175.9,102.2,71.4,76.0,110.3,1
1,211,961.0,608.5,246.0,525.0,0.46857142,133.8,71.0,10.7,168.3,133.8,42.0,114.7,30.0,123.2,137.3,150.0,116.8,81.7,91.8,93.3,93.2,1
2,211,774.0,517.5,160.0,403.0,0.39702234,160.0,110.6,7.8,175.6,105.5,36.8,163.2,106.8,174.8,165.2,71.6,178.3,102.8,68.7,78.4,110.1,1
1,212,962.0,609.5,242.0,523.0,0.46271512,133.8,76.1,2.2,169.4,135.4,41.3,123.8,38.1,133.9,141.7,146.9,121.4,78.4,94.1,95.9,91.6,1
2,212,772.0,520.0,160.0,406.0,0.39408866,172.4,105.8,2.6,177.5,51.3,17.1,161.7,103.3,178.9,155.8,70.4,175.9,108.4,68.4,77.7,105.5,1
1,213,960.5,613.0,239.0,516.0,0.4631783,132.7,79.3,0.3,170.5,133.6,41.0,121.6,36.1,130.7,139.5,147.7,119.0,79.6,92.6,94.6,93.3,1
1,214,960.5,615.0,239.0,512.0,0.46679688,138.9,68.9,11.4,170.6,134.4,42.9,118.3,31.4,123.8,135.4,151.2,113.0,80.3,91.5,92.4,95.8,1
1,215,960.0,617.5,240.0,509.0,0.47151276,141.8,68.0,14.4,173.4,134.4,45.6,110.2,21.5,112.3,127.9,155.9,106.1,82.4,88.8,90.8,98.0,1
1,216,959.0,620.5,240.0,505.0,0.47524753,143.3,66.2,17.1,168.5,130.8,43.5,113.8,20.3,110.3,124.6,156.4,104.2,83.4,87.3,90.0,99.4,1
2,216,737.5,541.0,99.0,358.0,0.27653632,151.1,131.2,10.0,164.5,59.3,3.6,168.7,128.7,179.0,165.8,52.3,175.0,121.2,55.7,50.3,132.8,1
1,217,956.5,622.5,241.0,499.0,0.48296595,138.2,64.4,16.2,164.5,135.5,45.4,105.5,15.4,107.6,123.5,159.2,103.8,80.7,90.0,92.3,97.0,1
2,217,739.5,542.0,111.0,356.0,0.31179774,153.8,144.1,8.9,167.8,48.4,5.8,171.2,148.8,178.9,166.7,33.3,176.7,135.3,42.5,32.3,149.9,1
1,218,954.5,625.5,241.0,493.0,0.4888438,135.9,65.4,17.9,166.5,134.9,46.4,100.6,13.7,103.0,122.4,159.5,101.6,83.3,88.5,89.4,98.9,1
1,219,953.5,626.0,241.0,490.0,0.49183673,137.8,56.1,23.5,156.9,139.2,47.5,83.7,1.3,91.4,113.3,169.6,94.2,79.6,91.6,92.6,96.1,1
2,219,733.5,543.5,113.0,351.0,0.32193732,146.2,106.6,12.3,167.8,85.5,8.5,172.2,99.9,177.4,171.9,72.1,178.0,94.4,77.0,82.7,105.9,1
1,220,951.0,626.5,244.0,487.0,0.5010267,132.5,56.2,22.7,152.0,138.8,46.5,77.2,6.1,86.6,112.4,172.2,91.8,78.9,92.4,92.7,96.0,1
2,220,733.0,543.0,120.0,354.0,0.33898306,146.4,104.9,11.4,173.9,90.8,15.4,171.2,105.1,169.3,168.9,65.9,171.3,93.5,75.4,85.6,105.5,1
1,221,948.5,627.0,245.0,486.0,0.5041152,130.7,59.0,19.2,159.2,140.7,48.3,76.5,4.5,88.6,113.5,171.1,92.6,78.2,92.5,93.1,96.3,1
2,221,731.0,542.5,122.0,355.0,0.34366196,149.1,105.2,12.3,169.8,88.7,12.4,171.2,105.4,167.7,167.4,65.5,169.2,92.9,76.4,86.9,103.8,1
1,222,947.0,628.5,244.0,481.0,0.50727654,129.1,56.2,21.5,152.0,140.9,48.0,66.0,15.9,77.4,104.8,178.4,85.6,77.7,92.9,93.3,96.0,1
2,222,728.0,540.0,120.0,354.0,0.33898306,155.8,114.9,10.8,174.8,75.9,3.8,178.8,120.5,169.7,175.8,57.5,171.7,104.0,72.0,69.8,114.1,1
1,223,943.0,630.0,244.0,478.0,0.51046026,130.0,53.3,23.4,146.2,139.2,45.8,52.6,28.5,65.1,91.1,172.4,76.3,76.7,93.4,93.7,96.2,1
2,223,722.5,538.5,119.0,357.0,0.33333334,149.0,104.9,13.1,170.2,92.3,15.2,174.6,104.8,167.4,171.4,67.9,171.2,91.8,77.1,87.8,103.3,1
1,224,940.0,631.5,250.0,479.0,0.5219207,135.5,51.7,21.7,163.7,147.9,50.7,66.9,17.5,79.7,93.6,172.3,80.1,73.3,97.2,97.2,92.2,1
2,224,714.0,535.0,112.0,364.0,0.30769232,149.4,112.5,11.1,171.3,83.5,14.3,171.3,111.6,169.5,171.5,62.1,172.8,101.3,69.1,78.9,110.6,1
1,225,938.0,632.5,252.0,477.0,0.5283019,136.8,52.6,22.2,164.1,147.9,51.9,71.3,13.5,82.4,95.3,173.6,80.2,74.8,96.0,95.9,93.4,1
2,225,708.5,532.0,115.0,370.0,0.3108108,152.3,110.6,11.3,164.3,83.2,12.6,171.1,113.5,164.8,171.0,61.3,169.8,99.2,70.6,81.7,108.5,1
1,226,935.0,633.0,254.0,476.0,0.53361344,128.3,44.3,30.4,154.4,152.2,56.1,52.9,23.9,69.3,88.1,171.6,75.5,74.7,96.1,93.1,96.1,1
2,226,701.5,532.0,109.0,372.0,0.29301074,149.3,145.9,20.6,180.0,6.5,6.9,177.7,142.1,162.8,176.7,31.6,169.0,166.5,13.4,20.6,159.4,1
1,227,934.0,636.0,254.0,472.0,0.5381356,143.1,78.2,23.2,164.5,124.3,56.8,80.0,8.6,82.4,83.2,175.4,67.3,101.5,67.5,73.8,117.2,1
1,228,931.0,636.0,254.0,472.0,0.5381356,140.1,79.5,20.3,168.0,123.6,54.5,78.9,7.8,83.3,81.5,175.9,68.5,99.8,69.1,75.5,115.6,1
1,229,929.5,635.5,255.0,473.0,0.53911203,143.0,79.2,21.1,168.1,122.0,53.0,78.1,12.3,87.0,81.6,173.2,70.8,100.4,69.0,74.7,116.0,1
2,229,683.0,522.5,114.0,387.0,0.29457363,152.9,133.2,13.7,176.0,67.6,11.8,170.9,126.6,175.1,170.9,52.7,179.1,119.5,55.9,58.3,126.4,1
1,230,923.5,634.0,263.0,476.0,0.552521,131.2,58.7,24.3,163.8,137.2,49.3,63.3,2.5,84.3,87.7,173.9,83.7,82.9,87.9,86.7,102.5,1
2,230,681.0,520.0,120.0,394.0,0.30456853,156.6,111.6,13.3,165.5,93.5,20.1,174.9,105.2,173.8,176.0,69.3,176.7,98.2,73.4,80.9,107.4,1
1,231,919.0,632.5,264.0,475.0,0.5557895,128.1,62.1,18.9,161.5,138.0,48.5,67.8,2.9,85.1,95.6,173.1,85.5,81.1,89.5,88.1,101.4,1
2,231,678.0,520.5,128.0,395.0,0.32405064,155.1,122.2,17.1,167.4,85.5,16.6,175.7,112.4,174.1,175.4,66.6,179.2,105.0,68.9,73.5,112.6,1
1,232,914.5,631.0,267.0,478.0,0.5585774,125.5,66.8,13.9,157.2,132.8,43.5,76.4,0.2,90.0,98.0,168.1,91.7,80.7,89.3,89.8,100.2,1
2,232,685.0,515.0,150.0,400.0,0.375,152.0,118.3,21.3,147.8,106.3,32.2,176.9,114.5,160.5,177.4,63.5,167.4,97.0,74.1,84.9,103.9,1
1,233,909.5,629.0,269.0,484.0,0.5557851,125.3,75.6,10.6,162.1,125.1,41.1,83.6,8.5,94.5,100.6,161.3,95.0,86.3,84.0,86.0,103.7,1
2,233,711.0,509.0,206.0,396.0,0.52020204,155.1,120.0,25.9,156.6,113.5,37.6,174.1,121.7,150.0,174.6,59.3,161.0,94.1,75.9,88.3,101.7,1
1,234,906.5,626.5,277.0,489.0,0.56646216,115.3,78.1,8.6,163.4,125.0,41.0,95.6,30.5,115.7,117.4,147.2,108.7,86.7,84.0,85.2,104.1,1
2,234,704.0,512.5,200.0,411.0,0.486618,155.8,103.3,25.0,156.3,118.2,30.7,171.7,97.2,159.4,174.6,81.5,172.2,78.3,87.5,103.5,90.8,1
1,235,900.5,623.5,273.0,495.0,0.55151516,117.4,78.3,4.1,163.7,128.5,40.8,95.9,26.0,115.5,118.9,145.0,114.6,82.4,87.8,89.4,100.4,1
2,235,699.5,508.0,191.0,400.0,0.4775,162.7,112.4,19.8,156.9,117.2,42.2,172.5,106.6,165.0,173.9,66.0,170.0,92.6,75.0,88.4,104.0,1
1,236,897.0,620.5,270.0,501.0,0.53892213,117.5,83.5,1.3,169.8,126.6,42.2,95.0,26.9,115.0,115.5,140.5,116.8,84.8,84.4,88.1,102.7,1
2,236,698.0,507.0,190.0,408.0,0.46568626,157.9,108.5,21.8,153.7,118.9,39.9,169.3,104.2,161.7,174.1,69.2,169.4,86.7,79.0,94.1,100.2,1
1,237,892.5,619.0,273.0,510.0,0.5352941,118.4,84.9,2.0,159.4,123.2,41.8,110.9,38.0,123.3,118.9,133.0,120.6,86.9,81.4,85.3,106.4,1
2,237,695.0,505.0,188.0,414.0,0.45410627,157.6,109.2,17.0,122.0,123.7,49.8,166.8,104.5,166.0,168.8,64.9,169.3,92.2,74.0,89.5,104.4,1
1,238,890.0,618.5,272.0,517.0,0.5261122,129.4,83.5,3.4,171.0,125.0,44.9,116.2,42.9,128.3,123.4,126.8,125.7,86.9,80.1,85.4,107.5,1
2,238,696.5,503.5,189.0,413.0,0.45762712,165.2,104.2,17.1,149.0,119.8,41.3,171.5,99.8,166.4,178.7,74.1,174.7,87.2,78.5,93.8,100.6,1
1,239,884.0,616.5,266.0,517.0,0.51450676,128.0,80.2,5.8,174.0,129.0,46.2,122.7,47.8,134.1,133.2,127.0,128.0,85.9,82.8,86.3,105.0,1
2,239,695.5,503.0,189.0,416.0,0.45432693,159.2,106.5,18.3,120.5,123.5,47.6,157.9,103.0,163.6,165.7,66.3,168.8,88.2,75.9,93.4,102.5,1
1,240,881.0,613.0,274.0,522.0,0.5249042,129.4,74.5,12.2,175.9,132.7,50.4,116.8,42.4,128.5,131.2,131.0,124.1,86.7,82.3,86.1,104.9,1
2,240,697.5,501.0,187.0,412.0,0.4538835,158.8,106.1,19.3,122.7,120.8,44.2,162.1,99.0,166.5,171.8,70.4,172.5,86.8,76.6,94.5,102.1,1
1,241,880.0,611.5,270.0,529.0,0.51039696,134.8,67.5,16.2,173.4,134.7,51.1,125.8,40.8,130.3,132.0,127.0,129.6,83.7,83.6,89.4,103.3,1
2,241,698.0,504.5,184.0,411.0,0.44768855,157.6,108.3,19.1,133.2,121.5,46.3,166.4,96.0,173.0,174.5,71.9,176.4,89.1,75.3,91.0,104.6,1
1,242,874.0,608.0,280.0,532.0,0.5263158,136.3,61.9,22.0,168.3,135.6,51.6,118.9,37.4,126.5,123.8,131.8,125.1,83.9,83.9,89.1,103.1,1
2,242,701.0,505.0,184.0,408.0,0.4509804,156.2,109.3,20.3,145.7,110.1,33.0,169.3,90.4,178.8,175.3,82.2,174.7,89.0,77.1,90.8,103.1,1
1,243,874.5,607.5,277.0,535.0,0.517757,144.1,49.7,32.9,165.8,135.3,49.6,116.9,36.3,126.1,117.7,134.5,123.6,82.6,85.7,89.8,101.8,1
2,243,702.5,500.0,181.0,406.0,0.44581282,151.2,110.2,22.5,144.4,116.0,39.3,175.5,89.6,178.7,173.8,84.6,171.4,87.6,76.6,91.7,104.1,1
1,244,873.5,609.5,273.0,539.0,0.5064935,147.3,42.1,39.8,165.8,136.1,48.2,111.9,32.6,123.5,116.4,140.2,120.6,82.0,87.9,90.9,99.2,1
2,244,703.5,488.0,175.0,380.0,0.46052632,158.4,111.5,29.3,165.7,98.9,13.1,176.4,97.3,166.1,172.6,84.6,180.0,82.2,85.8,96.6,95.5,1
1,245,873.5,613.5,271.0,549.0,0.49362478,138.9,57.2,26.1,172.4,135.3,49.0,100.2,26.9,117.8,111.4,143.5,117.0,83.3,86.4,90.9,99.5,1
2,245,704.0,478.0,170.0,346.0,0.4913295,156.0,114.7,20.5,175.7,99.6,25.5,166.7,86.4,171.4,148.9,99.3,154.0,94.2,74.1,85.0,106.7,1
1,246,872.0,618.5,274.0,559.0,0.490161,136.4,63.9,22.5,176.3,136.7,51.8,90.1,21.7,111.0,110.9,147.1,113.5,86.4,84.9,89.3,99.4,1
2,246,708.0,503.5,166.0,391.0,0.42455244,159.7,108.8,18.7,164.5,97.1,20.6,176.5,86.6,174.6,166.0,95.8,158.8,90.2,76.5,87.9,105.4,1
1,247,869.5,627.0,273.0,574.0,0.47560975,138.3,68.5,16.9,170.3,136.9,51.1,102.0,24.0,115.9,126.2,143.6,119.6,85.5,85.9,91.9,96.8,1
2,247,710.0,510.5,166.0,407.0,0.4078624,155.3,110.7,20.8,176.8,90.0,11.0,167.9,84.9,171.9,159.8,99.6,156.3,89.9,79.0,87.0,104.1,1
1,248,871.0,640.5,270.0,595.0,0.45378152,140.9,70.7,13.9,163.1,136.9,50.4,116.9,33.6,126.6,134.2,139.4,124.8,84.6,86.6,93.0,95.8,1
2,248,709.5,513.5,165.0,415.0,0.39759037,153.6,110.1,21.6,177.1,89.3,9.2,164.3,82.5,170.6,156.6,98.9,157.9,88.5,80.1,88.2,103.2,1
1,249,868.5,649.0,267.0,604.0,0.442053,141.7,72.8,11.8,161.5,135.8,49.5,127.4,38.6,131.9,140.4,137.7,126.6,84.6,86.4,93.3,95.8,1
2,249,707.5,514.0,159.0,414.0,0.38405797,154.7,113.4,22.4,173.2,79.8,0.2,176.8,90.6,175.1,172.0,91.9,163.2,90.9,79.6,84.5,104.9,1
1,250,866.0,658.5,266.0,629.0,0.4228935,145.6,65.4,16.5,166.2,139.8,51.7,142.9,40.5,137.9,147.7,138.1,129.3,81.9,88.1,97.4,92.6,1
2,250,708.5,519.5,163.0,425.0,0.38352942,151.6,115.6,25.1,176.2,77.9,1.8,179.6,91.6,177.9,173.6,95.1,161.2,90.4,79.7,86.3,103.6,1
1,251,862.0,667.5,264.0,625.0,0.4224,141.5,67.0,15.4,169.8,136.0,49.2,155.3,46.0,142.0,156.1,135.0,130.1,82.4,86.8,96.0,94.9,1
2,251,705.0,521.0,158.0,422.0,0.3744076,149.9,116.9,27.0,172.8,76.7,3.3,178.7,96.9,176.2,175.0,93.3,163.6,90.0,80.1,86.9,103.1,1
1,252,860.0,671.0,264.0,630.0,0.41904762,139.5,66.2,16.3,173.0,134.0,47.6,158.7,45.0,140.9,159.6,134.9,129.9,82.5,86.4,95.8,95.3,1
2,252,703.0,525.0,154.0,434.0,0.3548387,153.0,112.8,24.7,172.0,74.8,7.8,175.7,94.3,177.9,170.5,89.6,168.8,88.0,82.5,87.8,101.6,1
1,253,853.5,674.5,269.0,629.0,0.42766297,134.7,64.3,17.8,176.9,131.4,45.4,164.3,40.7,134.0,163.8,130.0,131.5,82.2,86.0,93.3,98.5,1
2,253,706.0,526.5,158.0,441.0,0.35827664,153.4,137.3,28.3,166.2,49.3,20.3,175.1,114.7,179.5,170.4,69.8,174.5,109.0,69.6,65.8,115.7,1
1,254,848.5,681.5,273.0,623.0,0.43820226,140.2,61.3,20.0,174.3,135.1,48.3,163.8,34.9,129.9,163.7,132.4,130.7,81.3,86.9,95.0,96.9,1
2,254,703.5,535.0,165.0,460.0,0.35869566,160.5,64.7,21.7,157.1,107.7,18.6,176.4,85.5,178.4,172.5,90.7,179.1,86.3,89.1,96.1,88.5,1
1,255,847.0,684.0,272.0,618.0,0.44012946,131.3,65.6,15.6,167.1,129.1,42.9,156.4,36.1,131.4,160.2,131.6,131.0,81.1,86.2,95.3,97.4,1
2,255,692.5,539.0,163.0,460.0,0.35434783,150.7,122.2,21.0,168.9,61.8,13.2,168.3,104.5,177.8,163.4,86.8,167.1,101.2,75.0,77.8,106.1,1
1,256,846.5,685.0,271.0,614.0,0.44136807,125.7,75.1,6.9,174.0,127.9,43.1,156.7,40.1,134.5,162.0,129.8,131.4,82.0,84.8,94.5,98.8,1
2,256,687.5,545.0,165.0,464.0,0.35560346,148.6,116.2,19.7,178.9,73.9,2.1,162.6,100.3,177.8,156.7,90.0,164.3,96.5,75.9,81.9,105.7,1
1,257,845.0,683.0,266.0,620.0,0.42903227,127.4,73.4,8.2,170.3,127.2,41.8,147.1,35.9,130.4,154.6,134.7,126.9,81.7,85.4,94.5,98.4,1
2,257,684.5,551.0,169.0,474.0,0.35654008,175.5,71.6,9.1,153.8,102.9,13.7,162.5,95.5,163.5,158.8,84.6,173.6,80.8,89.2,101.0,89.0,1
1,258,842.5,683.5,261.0,615.0,0.42439026,122.8,80.2,1.9,173.0,127.8,40.2,141.9,28.0,123.2,144.4,144.3,120.5,82.1,87.6,95.2,95.2,1
2,258,682.0,562.0,170.0,464.0,0.36637932,148.1,89.4,11.3,154.2,103.5,14.3,161.6,98.6,159.4,163.2,89.3,179.9,78.1,89.2,102.0,90.7,1
1,259,840.0,691.0,258.0,600.0,0.43,122.9,79.3,3.3,178.0,129.2,42.3,139.9,30.5,123.9,145.5,144.1,118.8,82.6,87.0,93.3,97.1,1
2,259,681.0,566.0,176.0,448.0,0.39285713,145.5,92.6,14.0,152.0,102.7,15.2,166.0,90.4,167.6,166.1,91.5,176.7,78.6,87.4,102.1,91.9,1
1,260,837.0,697.0,258.0,590.0,0.43728814,120.3,80.2,2.3,173.7,130.2,44.0,138.7,31.2,123.3,143.7,144.8,116.1,82.6,86.1,92.2,99.1,1
2,260,681.5,570.0,175.0,436.0,0.40137616,152.5,94.2,15.2,153.8,97.5,10.6,162.7,94.1,164.2,161.6,87.2,179.7,78.9,86.9,101.7,92.4,1
1,261,836.0,699.5,260.0,585.0,0.44444445,124.3,75.3,6.5,174.5,134.4,46.2,131.4,33.2,124.6,142.9,146.8,114.6,81.9,88.2,91.4,98.6,1
2,261,680.0,578.0,172.0,430.0,0.4,147.4,98.3,17.6,156.8,96.0,11.4,167.9,93.5,166.3,167.9,89.2,176.3,80.7,84.7,100.2,94.5,1
1,262,834.5,699.0,259.0,584.0,0.44349316,113.3,72.3,5.2,176.5,139.4,46.5,118.7,23.9,118.9,139.5,150.4,114.9,77.5,92.8,95.0,94.7,1
2,262,671.5,585.5,155.0,417.0,0.37170264,158.9,80.9,1.8,160.5,96.1,10.5,169.0,94.7,166.4,168.2,89.9,177.3,82.7,85.6,98.9,92.8,1
1,263,828.5,701.5,257.0,573.0,0.44851658,122.0,79.6,1.1,167.3,134.3,42.6,118.0,23.2,120.0,139.6,151.8,115.2,78.5,91.7,96.7,93.0,1
2,263,670.5,588.0,155.0,392.0,0.39540815,163.7,98.5,14.8,144.3,107.5,23.6,156.9,95.0,167.5,159.8,87.3,177.8,83.7,83.9,97.5,94.9,1
1,264,824.5,703.5,265.0,575.0,0.46086955,105.9,83.6,3.8,175.6,126.2,37.7,125.6,29.2,122.0,139.8,141.0,120.1,79.8,88.5,92.8,98.9,1
2,264,668.5,597.5,159.0,387.0,0.4108527,170.1,62.4,24.5,167.0,99.3,11.8,175.3,80.1,174.7,178.6,103.2,165.7,86.9,87.4,94.6,91.0,1
1,265,817.0,704.5,266.0,573.0,0.46422338,112.1,75.4,3.8,170.8,127.1,38.9,110.8,5.5,99.6,124.1,156.4,105.1,79.2,88.3,94.1,98.4,1
1,266,810.5,706.5,275.0,569.0,0.48330405,102.7,79.6,0.0,164.4,127.8,40.1,105.4,8.7,101.5,122.0,153.9,106.3,79.6,87.8,92.8,99.8,1
1,267,799.0,707.0,296.0,568.0,0.52112675,97.2,71.9,7.8,129.3,130.2,42.1,82.8,8.5,83.3,110.4,167.1,92.5,79.7,88.1,91.8,100.4,1
1,268,785.0,706.5,326.0,561.0,0.5811052,99.6,78.3,0.5,78.1,140.4,49.8,45.8,26.6,67.8,100.1,171.9,92.0,78.8,90.6,94.4,96.1,1
1,269,787.5,709.0,335.0,558.0,0.6003584,102.4,83.0,2.6,69.6,142.0,52.9,38.2,39.6,53.9,94.2,178.7,81.8,80.4,89.2,93.5,96.9,1
1,270,791.0,713.0,352.0,558.0,0.6308244,115.8,94.8,13.4,123.3,133.8,46.4,39.1,34.3,57.6,111.6,166.3,94.4,81.5,87.4,91.9,99.3,1
1,271,782.5,719.5,369.0,549.0,0.6721311,124.3,100.0,14.0,153.9,130.1,47.7,55.4,27.0,60.2,104.4,170.0,85.6,86.0,82.4,87.1,104.4,1
1,272,785.5,722.5,363.0,543.0,0.6685083,93.0,104.6,20.2,155.7,125.8,44.7,73.5,13.6,72.7,106.9,164.1,87.8,84.5,81.2,86.3,108.1,1
1,273,775.0,724.5,384.0,539.0,0.7124304,78.1,118.4,30.5,142.1,122.3,44.5,71.8,9.5,73.9,112.5,155.9,93.2,87.9,77.8,83.4,110.9,1
2,273,604.0,599.5,128.0,371.0,0.34501347,122.7,177.9,18.6,169.4,34.8,19.1,172.3,174.2,172.1,172.3,11.8,178.9,163.4,15.7,13.7,167.1,1
1,274,764.5,724.5,405.0,539.0,0.7513915,57.5,118.6,29.2,74.8,129.0,52.3,65.2,9.6,73.5,113.9,151.9,97.3,89.4,76.6,83.1,110.9,1
1,275,761.5,726.5,399.0,541.0,0.7375231,78.0,115.2,29.1,137.3,129.6,50.0,67.9,10.5,75.1,111.2,154.1,97.0,86.1,79.6,85.5,108.8,1
1,276,745.0,729.5,410.0,531.0,0.77212805,72.4,115.2,26.8,5.6,137.7,61.0,71.7,9.0,75.0,107.1,155.5,93.5,88.4,76.7,84.0,110.9,1
1,277,763.0,733.5,378.0,527.0,0.7172676,76.9,118.2,36.5,159.3,135.2,51.9,80.9,5.8,83.2,114.9,152.7,101.4,81.7,83.4,89.0,105.9,1
1,278,781.0,730.5,356.0,523.0,0.6806883,61.1,122.8,40.1,166.4,125.3,40.6,50.0,12.8,74.0,113.9,152.0,102.2,82.7,84.7,86.8,105.8,1
2,278,585.5,583.5,181.0,407.0,0.44471744,144.4,110.3,33.7,131.9,114.4,27.0,165.6,115.1,138.7,169.8,59.8,149.6,76.6,87.4,106.2,89.8,1
1,279,778.5,729.5,365.0,523.0,0.6978968,69.8,123.1,37.1,176.0,120.6,38.1,48.8,0.7,83.3,118.7,140.9,111.6,86.0,82.5,84.0,107.5,1
1,280,751.0,731.5,398.0,527.0,0.7552182,51.6,127.7,38.7,79.1,119.7,42.0,139.9,80.6,162.6,147.3,112.9,135.8,89.0,77.8,82.0,111.3,1
1,281,751.5,729.0,381.0,524.0,0.72709924,46.4,128.1,37.6,76.4,129.4,53.4,101.8,46.7,129.5,150.6,110.0,139.4,90.5,76.1,82.8,110.6,1
1,282,749.5,726.5,361.0,529.0,0.68241966,40.3,129.7,38.7,50.8,124.1,49.6,102.6,33.7,115.8,145.1,113.8,133.9,91.0,74.6,82.1,112.2,1
2,282,550.5,570.0,195.0,428.0,0.45560747,139.6,103.8,26.0,124.0,109.4,20.5,164.3,104.5,151.7,171.6,71.7,161.3,77.8,88.9,103.7,89.6,1
1,283,743.5,722.0,367.0,542.0,0.67712176,41.1,128.2,35.7,60.1,120.6,47.9,109.9,36.5,117.2,151.0,106.7,139.2,92.4,72.7,80.7,114.1,1
2,283,548.5,476.5,183.0,241.0,0.7593361,149.7,114.4,31.7,90.1,116.1,32.4,158.7,118.9,138.7,173.0,76.1,167.3,82.7,83.7,102.4,91.3,1
1,284,700.5,717.0,437.0,552.0,0.7916667,52.9,126.8,34.2,17.9,135.4,62.1,133.1,63.6,145.3,167.5,92.0,155.5,92.6,73.4,81.6,112.4,1
2,284,541.0,476.0,180.0,248.0,0.7258065,155.0,112.3,31.3,114.5,109.1,24.5,165.2,115.3,141.4,178.9,79.6,170.7,81.0,84.6,103.3,91.1,1
1,285,687.5,712.5,427.0,561.0,0.7611408,84.4,110.0,18.4,68.3,130.8,57.3,138.9,65.6,149.6,151.3,97.5,151.6,91.6,73.5,84.0,111.0,1
2,285,537.5,477.0,179.0,254.0,0.70472443,163.1,116.3,31.0,61.0,117.1,35.8,157.4,117.6,141.9,167.3,73.6,166.6,85.4,81.2,100.5,93.0,1
1,286,711.0,713.5,326.0,567.0,0.5749559,94.0,104.5,20.2,145.7,130.5,49.6,109.7,58.3,149.7,129.9,109.5,147.1,84.3,80.9,91.4,103.4,1
1,287,712.0,711.0,288.0,570.0,0.50526315,101.9,98.3,15.7,124.9,124.3,43.4,117.6,51.5,141.8,131.6,111.9,141.9,82.6,80.9,90.3,106.2,1
1,288,709.5,708.5,289.0,575.0,0.5026087,98.0,102.8,16.5,175.4,120.7,41.9,118.2,56.7,141.1,138.0,105.0,144.6,86.4,78.8,84.5,110.4,1
1,289,707.5,708.5,297.0,577.0,0.51473135,103.9,102.5,12.7,172.7,120.3,44.3,111.7,57.5,140.1,132.3,105.4,142.9,89.8,76.0,82.5,111.7,1
1,290,704.5,706.5,299.0,583.0,0.5128645,102.9,94.5,6.2,175.0,122.8,45.5,105.0,51.9,135.3,124.1,111.3,137.7,88.3,77.4,83.3,111.0,1
2,290,518.0,543.0,168.0,368.0,0.45652175,158.7,114.0,35.7,126.1,105.2,20.2,167.8,107.6,148.0,164.8,66.4,158.6,78.3,85.0,104.4,92.3,1
1,291,701.5,705.5,303.0,581.0,0.52151465,104.7,96.1,8.0,171.7,124.0,45.6,105.5,51.8,136.1,124.8,112.5,138.2,88.1,78.4,84.3,109.3,1
2,291,517.5,546.0,171.0,368.0,0.4646739,159.3,111.8,34.0,128.2,105.6,20.9,166.6,106.3,148.9,163.6,68.3,161.0,77.8,84.7,104.8,92.6,1
1,292,701.0,705.5,302.0,585.0,0.51623935,106.1,96.1,10.4,174.6,127.4,46.3,97.5,43.8,130.0,118.7,121.7,131.3,85.7,81.0,86.2,107.0,1
2,292,516.5,547.5,173.0,365.0,0.4739726,156.1,109.8,35.1,131.6,101.1,13.8,159.2,108.9,143.7,172.4,69.0,159.5,74.7,87.3,107.4,90.5,1
1,293,700.0,712.5,302.0,601.0,0.5024958,107.5,95.1,11.9,179.2,127.6,44.8,107.5,41.5,129.7,123.5,120.9,133.3,83.2,82.8,88.1,105.8,1
2,293,516.0,551.5,174.0,377.0,0.46153846,165.6,109.3,28.7,135.9,105.9,24.1,173.5,109.0,149.1,160.1,73.4,169.1,80.7,81.8,101.9,95.6,1
1,294,699.5,722.5,303.0,619.0,0.48949918,111.6,93.3,9.4,174.2,128.7,45.9,106.1,36.0,124.6,124.4,129.7,125.7,83.8,82.9,88.7,104.6,1
2,294,515.5,546.5,173.0,371.0,0.46630728,159.4,114.9,30.9,120.6,110.5,31.0,170.7,106.2,154.8,159.5,69.7,167.2,84.0,79.5,99.0,97.5,1
1,295,698.5,731.5,303.0,633.0,0.47867298,113.5,93.9,13.2,172.4,132.0,45.1,110.8,35.6,127.7,133.8,135.5,124.2,80.7,86.9,92.1,100.3,1
2,295,514.5,545.0,173.0,374.0,0.46256685,160.2,110.1,25.5,132.2,108.5,28.3,170.9,102.4,160.5,162.2,74.5,172.6,84.6,80.2,97.2,98.1,1
1,296,698.0,742.0,302.0,644.0,0.4689441,112.8,93.3,10.5,172.4,129.7,43.8,115.6,43.2,134.9,140.7,131.7,128.8,82.9,85.9,91.7,99.5,1
2,296,513.5,544.5,177.0,377.0,0.469496,159.4,112.6,28.7,128.0,110.7,30.2,168.8,102.9,158.9,164.2,72.5,169.9,83.9,80.5,98.2,97.4,1
1,297,695.5,749.0,305.0,650.0,0.46923077,113.0,93.0,14.0,178.6,132.2,42.4,125.4,46.0,140.4,146.3,135.5,127.8,79.0,89.9,94.4,96.7,1
2,297,511.5,543.5,181.0,381.0,0.47506562,160.3,112.1,29.0,130.5,109.6,28.1,170.5,101.5,159.7,165.7,73.3,170.0,83.1,81.5,98.7,96.7,1
1,298,692.5,750.5,305.0,645.0,0.4728682,115.2,93.1,10.3,178.3,130.6,44.8,119.7,43.8,134.1,141.5,139.9,119.1,82.8,85.8,90.3,101.0,1
2,298,512.0,544.0,186.0,390.0,0.47692308,162.4,109.8,28.7,129.9,103.9,21.1,164.0,102.8,156.3,166.7,73.3,168.5,81.2,82.7,101.0,95.1,1
1,299,690.0,753.5,306.0,641.0,0.47737908,109.0,90.8,9.1,174.3,132.9,45.5,127.9,50.4,141.7,149.7,137.7,122.6,81.7,87.3,91.3,99.7,1
2,299,511.0,541.0,190.0,390.0,0.4871795,167.0,108.8,24.5,128.4,106.7,26.3,169.0,103.0,158.9,166.5,74.1,171.2,84.3,80.3,98.2,97.2,1
1,300,686.5,756.5,313.0,641.0,0.48829952,101.1,95.1,12.8,176.0,132.7,45.4,132.6,52.9,143.7,154.2,137.1,123.2,82.2,87.2,90.8,99.7,1
2,300,509.0,562.5,192.0,439.0,0.43735763,165.9,106.3,31.0,138.3,105.8,19.0,175.1,99.8,152.0,169.7,89.2,178.9,75.3,86.7,108.2,89.7,1
1,301,676.5,763.0,331.0,632.0,0.52373415,91.2,104.9,17.6,178.2,127.6,44.5,120.2,52.7,140.9,150.5,133.6,125.0,87.3,83.1,88.1,101.4,1
2,301,505.5,574.0,193.0,462.0,0.41774893,163.7,106.3,29.3,131.4,105.8,20.0,178.3,97.0,156.3,169.9,89.6,180.0,77.0,85.8,106.8,90.5,1
1,302,669.0,764.0,344.0,622.0,0.5530547,102.7,102.5,16.5,175.2,123.8,40.7,134.3,59.9,149.2,158.0,126.8,131.5,86.0,83.1,89.2,101.7,1
2,302,506.5,583.0,197.0,474.0,0.4156118,167.5,108.7,26.4,132.9,109.4,28.6,177.0,99.0,161.6,165.9,73.0,170.5,82.3,80.8,99.4,97.5,1
1,303,678.0,770.0,330.0,614.0,0.53745925,82.9,112.6,27.2,169.8,126.0,42.8,139.1,62.7,151.7,161.4,125.6,131.9,85.4,83.2,89.0,102.5,1
2,303,501.5,589.5,197.0,483.0,0.4078675,164.7,106.9,23.8,127.2,112.0,30.6,179.4,101.4,159.8,162.8,73.7,170.3,83.1,81.5,98.8,96.6,1
1,304,675.0,771.0,334.0,614.0,0.5439739,101.3,103.5,18.6,169.0,125.2,40.7,102.5,39.9,129.9,140.7,136.8,122.5,84.8,84.5,90.0,100.7,1
2,304,494.5,604.0,195.0,500.0,0.39,168.5,108.0,22.1,104.7,119.6,39.9,176.6,106.9,156.3,166.9,73.1,170.5,85.9,79.8,96.9,97.5,1
1,305,672.0,774.0,340.0,608.0,0.55921054,105.8,105.2,22.7,157.6,129.9,42.8,77.0,23.2,114.6,129.0,145.1,116.0,82.6,87.1,91.4,98.9,1
2,305,491.5,613.5,203.0,515.0,0.39417475,165.7,107.1,24.3,133.3,112.0,30.0,176.3,107.1,153.4,164.3,74.3,170.0,82.8,82.0,99.5,95.7,1
1,306,667.5,776.0,347.0,602.0,0.57641196,105.1,94.6,13.7,119.9,134.3,46.0,68.7,19.3,111.0,125.0,147.2,113.7,80.9,88.3,91.7,99.1,1
2,306,484.5,627.5,203.0,529.0,0.3837429,162.4,109.6,22.1,117.9,110.7,31.8,177.2,104.8,156.2,180.0,72.1,166.7,87.5,78.8,99.0,94.6,1
1,307,659.5,733.5,365.0,505.0,0.7227723,105.5,102.8,20.1,113.0,133.1,46.5,58.6,31.4,120.8,115.1,144.6,114.1,82.7,86.7,89.3,101.3,1
2,307,470.0,637.5,190.0,527.0,0.3605313,159.1,109.4,20.0,148.8,102.8,24.6,177.3,113.5,149.3,177.1,65.2,160.4,89.4,78.2,97.3,95.1,1
1,308,639.0,780.5,404.0,587.0,0.6882453,91.1,105.2,18.2,105.7,135.1,53.7,101.0,49.4,135.0,138.3,134.7,119.3,87.0,81.4,85.6,106.0,1
2,308,466.0,647.0,192.0,518.0,0.37065637,158.4,113.3,22.6,137.9,108.1,31.9,178.0,116.6,145.5,175.7,61.3,156.5,90.7,76.2,97.9,95.2,1
1,309,635.0,781.5,410.0,585.0,0.7008547,33.5,123.8,33.3,77.1,129.7,52.9,113.2,52.3,135.2,150.9,127.7,122.6,90.5,76.8,83.0,109.8,1
2,309,454.5,649.5,183.0,497.0,0.36820924,152.4,109.8,21.7,128.6,112.7,35.5,178.1,107.5,154.2,178.8,68.4,164.8,88.0,77.2,98.3,96.4,1
1,310,630.5,757.5,421.0,523.0,0.80497134,32.6,117.5,25.3,67.2,131.1,55.5,93.5,51.0,133.9,152.0,123.6,127.1,92.2,75.6,82.9,109.4,1
2,310,447.5,646.0,191.0,450.0,0.42444444,154.8,114.0,24.5,136.8,103.3,25.9,178.9,118.8,146.6,171.5,64.0,162.4,89.5,77.4,94.6,98.5,1
1,311,616.5,784.0,443.0,582.0,0.76116836,61.3,121.6,32.3,34.7,136.8,60.8,101.0,20.6,106.2,140.6,133.9,117.0,89.3,76.0,85.6,109.1,1
2,311,438.5,655.0,187.0,434.0,0.43087557,147.4,132.8,28.7,145.0,89.9,22.9,179.8,133.2,147.0,176.4,44.9,154.0,104.0,67.0,79.9,109.2,1
1,312,614.5,784.0,449.0,582.0,0.77147764,61.2,127.0,37.3,1.4,138.5,63.2,89.3,22.2,106.1,136.5,135.4,113.4,89.6,75.3,83.9,111.1,1
1,313,614.0,786.0,448.0,566.0,0.79151946,25.3,132.6,39.9,11.7,138.7,65.7,110.5,61.8,142.9,145.4,125.9,120.8,92.7,73.0,81.1,113.3,1
2,313,420.5,667.5,181.0,423.0,0.427896,128.5,140.9,26.9,162.3,69.8,8.4,174.6,152.2,137.6,179.3,34.7,149.0,114.0,61.4,70.3,114.3,1
1,314,619.0,756.5,442.0,493.0,0.8965517,56.7,111.6,20.5,75.6,127.2,51.3,95.2,77.6,157.1,108.5,130.6,116.0,91.1,75.9,79.5,113.4,1
2,314,410.0,670.0,180.0,404.0,0.44554454,128.4,100.9,30.9,144.3,103.5,9.3,173.8,111.3,136.8,179.6,63.9,147.9,70.0,94.2,111.9,84.0,1
1,315,606.5,762.0,451.0,492.0,0.9166667,35.2,126.0,35.7,24.1,139.7,63.1,160.3,131.7,148.3,128.9,131.6,115.3,90.3,76.6,80.0,113.1,1
1,316,600.5,762.0,455.0,488.0,0.93237704,10.9,134.1,45.7,22.0,139.6,62.1,106.8,146.4,65.8,107.0,158.1,88.4,88.4,77.5,80.6,113.5,1
1,317,603.0,764.0,454.0,476.0,0.9537815,61.7,125.8,37.2,44.0,119.5,42.9,152.7,159.7,120.4,171.9,133.6,111.5,88.6,76.6,79.9,114.9,1
1,318,607.5,770.0,455.0,464.0,0.98060346,73.0,130.8,43.6,101.0,112.8,37.4,172.6,140.8,137.4,159.0,119.5,125.0,87.2,75.4,81.9,115.5,1
1,319,597.5,771.0,475.0,478.0,0.99372387,78.0,118.6,32.8,3.3,126.2,48.0,117.4,170.2,87.4,135.8,154.7,92.3,85.8,78.3,82.8,113.1,1
1,320,589.5,786.5,489.0,477.0,1.0251572,57.7,121.5,29.9,16.4,139.0,65.3,107.9,161.5,80.1,168.5,91.5,155.2,91.6,73.7,81.4,113.3,1
1,321,577.0,783.5,508.0,487.0,1.0431211,20.0,144.5,46.4,21.3,96.0,28.9,81.0,150.4,75.2,47.3,34.9,84.7,98.1,67.1,75.2,119.6,1
1,322,579.0,786.0,498.0,494.0,1.0080972,18.7,143.6,46.5,39.4,76.7,9.2,77.4,148.1,71.9,48.1,37.0,82.1,97.1,67.5,76.2,119.1,1
1,323,571.5,793.5,507.0,493.0,1.0283976,24.3,146.2,42.7,28.4,83.8,21.3,80.1,146.5,75.6,61.7,27.4,95.6,103.5,62.6,70.9,123.1,1
1,324,561.5,810.0,515.0,486.0,1.0596708,10.5,132.2,37.1,3.2,118.2,47.3,101.7,158.1,81.7,132.4,47.2,164.8,95.0,70.9,76.4,117.7,1
1,325,558.0,815.0,508.0,500.0,1.016,93.4,129.0,31.5,17.5,101.3,31.7,99.3,155.7,81.8,101.5,7.4,126.5,97.5,69.6,73.9,119.1,1
2,325,366.0,586.5,348.0,241.0,1.4439834,76.8,140.4,2.0,86.0,62.9,24.1,49.8,52.9,97.4,28.6,136.6,85.1,138.4,38.8,44.5,138.3,1
1,326,548.0,817.0,512.0,508.0,1.007874,83.6,134.6,34.3,25.7,97.6,31.7,118.6,156.1,87.5,153.6,21.5,146.6,100.3,65.9,68.6,125.1,1
1,327,538.5,809.0,521.0,492.0,1.058943,9.1,137.0,36.8,7.9,109.2,44.9,120.9,158.9,88.3,151.4,20.8,145.7,100.2,64.2,70.6,124.9,1
1,328,532.0,804.0,518.0,502.0,1.0318725,13.2,139.0,42.3,33.7,97.1,30.0,95.0,161.4,87.1,78.5,6.5,115.5,96.7,67.1,74.3,122.0,1
1,329,512.0,804.5,526.0,501.0,1.0499002,3.7,141.8,44.4,10.0,108.8,42.1,106.9,162.1,84.7,128.4,10.9,129.5,97.4,66.6,77.4,118.6,1
2,329,340.5,584.5,341.0,255.0,1.3372549,126.6,94.9,33.3,103.9,135.7,33.0,2.7,85.1,37.8,26.5,131.0,58.1,61.6,102.6,122.9,72.9,1
1,330,506.5,810.0,499.0,518.0,0.96332043,17.4,133.7,37.6,57.6,101.3,33.8,136.1,170.9,113.1,168.2,48.2,168.6,96.1,67.5,76.1,120.4,1
1,331,497.5,815.0,467.0,526.0,0.8878327,43.6,124.9,33.7,90.9,110.0,36.8,133.0,109.0,171.1,132.0,77.4,166.9,91.2,73.2,79.9,115.7,1
1,332,476.5,811.5,453.0,533.0,0.8499062,24.6,122.1,29.7,98.4,106.2,34.6,130.5,102.7,178.2,130.1,84.1,159.1,92.4,71.6,79.2,116.8,1
1,333,462.5,797.5,411.0,563.0,0.7300178,13.4,127.9,37.3,146.6,114.3,41.5,64.6,68.6,147.0,101.1,90.7,151.0,90.6,72.8,78.4,118.2,1
1,334,452.5,796.0,403.0,564.0,0.714539,8.2,126.1,35.3,136.6,114.4,42.9,95.5,78.6,156.1,116.7,86.8,153.0,90.8,71.6,77.4,120.2,1
2,334,271.0,652.5,204.0,405.0,0.5037037,157.5,122.6,13.2,133.1,125.8,64.8,170.2,121.9,157.7,170.6,55.6,165.0,109.3,60.9,80.3,109.4,1
1,335,447.5,793.5,399.0,571.0,0.6987741,43.0,122.8,34.5,140.9,115.6,42.6,106.5,81.3,161.7,121.1,81.7,160.0,88.3,73.0,80.4,118.3,1
1,336,453.5,793.0,391.0,572.0,0.68356645,64.7,123.0,34.3,176.1,116.7,43.7,109.5,79.9,159.9,123.5,83.2,158.5,88.7,73.0,80.0,118.3,1
2,336,254.0,644.0,164.0,378.0,0.43386245,135.4,107.9,18.2,158.2,91.8,12.9,178.1,106.7,162.0,170.1,71.8,172.0,89.6,78.8,91.3,100.2,1
1,337,457.0,792.5,386.0,571.0,0.67600703,66.3,122.4,33.1,178.6,115.4,42.7,115.1,80.7,160.6,130.3,83.3,158.6,89.3,72.7,79.9,118.1,1
2,337,252.0,651.5,164.0,389.0,0.42159384,153.4,115.5,17.4,173.7,78.4,5.1,174.5,114.3,163.5,165.7,73.1,179.4,98.2,73.3,82.2,106.3,1
1,338,457.0,792.0,384.0,572.0,0.67132866,76.8,121.3,32.7,170.2,119.1,46.1,108.7,70.9,151.4,124.7,92.7,149.5,88.6,73.0,80.5,117.9,1
2,338,254.5,645.0,165.0,370.0,0.44594595,132.3,112.6,16.5,169.8,82.8,8.6,155.4,88.5,173.7,143.2,91.4,164.1,96.1,74.2,85.2,104.5,1
1,339,459.0,792.0,380.0,570.0,0.6666667,77.7,117.7,31.8,164.0,122.2,44.9,99.4,65.4,149.3,123.3,101.8,145.2,85.9,77.2,83.9,113.0,1
2,339,253.5,652.0,163.0,370.0,0.44054055,143.7,124.9,12.7,171.2,72.2,12.0,153.1,101.8,172.9,135.4,83.8,159.7,112.1,60.2,71.1,116.6,1
1,340,458.5,792.5,383.0,573.0,0.66841185,82.9,116.4,31.8,170.9,125.9,47.3,100.0,63.6,148.5,123.5,111.3,136.8,84.6,78.6,84.8,111.9,1
1,341,461.5,792.5,375.0,573.0,0.65445024,72.1,118.6,33.8,169.5,121.8,42.2,94.1,65.7,151.3,122.0,107.3,142.6,84.8,79.5,85.5,110.1,1
2,341,246.0,660.0,162.0,370.0,0.43783784,142.0,176.1,3.2,175.5,20.4,19.2,140.8,153.7,157.7,128.7,34.0,150.5,179.3,1.2,4.0,175.5,1
1,342,458.0,792.5,378.0,573.0,0.65968585,74.0,118.5,34.3,173.3,123.4,42.3,96.6,69.2,155.8,130.0,110.6,141.4,84.2,81.1,86.6,108.0,1
2,342,243.5,664.5,171.0,369.0,0.46341464,148.0,132.7,9.7,162.3,72.0,21.8,147.6,108.3,170.5,133.3,73.3,162.2,123.0,50.2,62.1,124.6,1
1,343,458.5,792.0,375.0,566.0,0.6625442,50.1,121.8,39.1,174.7,123.5,39.8,97.8,75.9,164.4,150.5,114.4,140.5,82.7,83.7,88.5,105.1,1
2,343,239.5,674.0,177.0,376.0,0.47074467,138.3,115.1,17.5,151.1,91.0,21.3,171.1,115.3,158.3,157.2,71.8,178.1,97.6,69.7,86.4,106.4,1
1,344,456.5,791.0,379.0,560.0,0.6767857,51.6,117.9,33.7,162.1,125.0,43.6,101.0,75.1,161.9,153.7,116.0,136.4,84.2,81.3,86.9,107.6,1
2,344,239.5,678.0,181.0,374.0,0.48395723,128.1,115.6,22.0,143.6,92.7,19.6,155.4,96.6,172.7,137.8,86.3,171.0,93.6,73.1,90.6,102.6,1
1,345,450.0,793.5,392.0,559.0,0.7012522,44.0,119.2,32.3,165.0,123.5,45.1,97.7,83.0,167.2,174.4,113.3,136.2,86.8,78.3,84.3,110.6,1
2,345,238.0,685.5,186.0,371.0,0.5013477,124.1,110.0,17.8,145.4,97.7,25.2,169.9,109.5,157.2,160.3,77.0,179.1,92.1,72.5,93.2,102.1,1
1,346,457.0,797.0,376.0,556.0,0.676259,31.2,121.7,34.8,161.2,119.0,39.3,101.7,87.0,171.3,165.3,116.3,134.6,86.9,79.7,84.3,109.1,1
2,346,238.5,689.5,193.0,373.0,0.51742625,122.3,103.2,12.9,136.7,105.7,29.9,161.9,104.0,162.4,153.1,76.6,176.9,90.3,75.8,93.6,100.3,1
1,347,444.5,798.0,395.0,550.0,0.7181818,15.7,124.5,33.3,138.2,121.9,46.5,100.3,88.3,168.0,130.5,113.7,132.6,91.2,75.4,79.7,113.7,1
2,347,238.5,690.0,201.0,370.0,0.5432432,122.7,100.3,16.9,137.0,106.5,25.8,162.1,98.5,162.7,152.3,78.6,175.6,83.4,80.7,98.8,97.0,1
1,348,434.5,803.0,419.0,546.0,0.76739925,45.5,123.6,31.9,137.3,130.8,56.1,95.7,86.8,166.4,103.9,111.5,134.5,91.6,74.8,79.6,114.0,1
2,348,235.0,695.0,200.0,368.0,0.54347825,119.2,99.8,22.8,141.0,106.2,22.8,169.4,98.9,156.1,157.5,80.4,175.0,77.0,83.3,105.1,94.6,1
1,349,446.0,806.5,396.0,539.0,0.7346939,96.2,117.2,29.0,136.9,123.1,45.2,88.9,81.2,162.4,93.9,118.6,128.8,88.2,78.0,81.2,112.6,1
2,349,226.5,698.5,189.0,363.0,0.5206612,111.6,105.3,3.9,174.6,91.9,29.0,150.2,94.9,169.0,145.7,83.7,162.4,109.2,62.8,74.1,113.8,1
1,350,439.5,811.5,413.0,531.0,0.7777778,95.7,118.2,31.7,136.8,119.6,41.0,93.0,86.6,171.8,110.5,110.1,140.3,86.5,78.6,85.2,109.6,1
2,350,240.0,701.5,216.0,359.0,0.60167134,108.3,107.5,18.3,141.3,121.6,48.9,159.2,98.2,166.4,153.7,84.5,172.7,89.2,72.7,95.4,102.7,1
1,351,441.5,813.0,405.0,522.0,0.7758621,106.6,117.9,29.3,150.2,115.5,37.8,107.6,94.0,174.0,102.3,117.9,128.5,88.6,77.7,80.0,113.6,1
1,352,443.5,818.0,407.0,520.0,0.7826923,111.4,119.8,35.3,140.0,115.0,33.9,107.1,95.5,179.9,95.6,114.3,135.7,84.5,81.1,84.4,110.0,1
2,352,239.5,706.5,215.0,351.0,0.6125356,112.4,100.9,18.0,150.4,111.1,32.0,152.0,93.2,165.6,144.5,82.5,179.4,82.8,79.1,101.2,96.9,1
1,353,444.0,819.0,400.0,512.0,0.78125,111.4,121.3,31.5,96.6,109.9,33.3,133.3,111.9,169.2,110.7,116.6,128.7,89.8,76.6,78.9,114.7,1
2,353,236.0,709.0,208.0,344.0,0.60465115,122.7,99.8,25.2,157.1,106.8,65.4,152.3,93.9,152.8,148.9,83.7,141.7,125.0,41.4,58.9,134.7,1
1,354,444.0,824.5,404.0,501.0,0.80638725,110.6,117.9,29.8,93.2,114.7,38.7,115.0,100.4,179.6,99.1,110.6,133.6,88.2,76.0,80.1,115.7,1
2,354,218.5,708.5,175.0,333.0,0.5255255,104.2,95.6,4.4,142.5,111.0,45.5,159.0,87.3,176.9,149.3,91.3,155.0,91.2,65.5,89.6,113.7,1
1,355,442.0,824.5,410.0,501.0,0.81836325,118.0,116.0,32.7,61.3,119.4,39.9,121.4,99.1,176.0,108.0,119.7,128.1,83.3,79.5,84.9,112.3,1
1,356,444.0,828.5,402.0,489.0,0.8220859,29.7,130.5,39.2,57.8,112.3,39.3,112.4,99.2,176.1,93.1,118.8,122.5,91.3,73.0,76.9,118.8,1
2,356,220.5,712.0,177.0,322.0,0.5496894,91.7,101.7,3.3,140.1,115.2,58.8,158.6,87.0,168.7,151.5,89.3,147.2,98.4,56.4,81.6,123.6,1
1,357,442.5,828.5,407.0,485.0,0.8391753,107.2,131.1,37.2,46.4,108.7,38.0,138.9,120.7,162.4,150.9,114.7,126.7,93.8,70.7,76.9,118.6,1
1,358,443.5,833.0,407.0,480.0,0.84791666,72.3,124.9,37.4,52.2,113.6,40.1,121.1,93.0,175.7,99.3,106.1,137.6,87.5,73.5,82.7,116.2,1
1,359,442.0,831.0,412.0,484.0,0.8512397,82.2,128.5,37.5,70.9,109.2,37.9,133.5,105.1,174.5,128.8,102.5,140.3,91.0,71.3,80.5,117.2,1
1,360,406.5,826.5,483.0,493.0,0.979716,60.3,126.6,37.6,68.4,116.2,45.0,101.0,76.5,158.4,78.7,122.5,119.6,89.0,71.2,81.9,117.9,1
1,361,433.0,836.5,432.0,475.0,0.90947366,86.7,120.2,31.6,83.6,112.3,41.1,117.9,92.9,175.0,88.6,110.7,131.0,88.6,71.1,82.1,118.2,1
1,362,442.0,841.0,416.0,464.0,0.8965517,79.8,123.7,33.3,61.7,106.6,36.6,116.2,97.5,176.6,54.1,118.4,121.0,90.4,70.0,79.1,120.5,1
1,363,444.5,840.5,409.0,467.0,0.875803,74.3,132.1,40.6,77.9,101.2,31.4,177.8,136.8,144.7,151.8,104.8,135.0,91.6,69.8,78.4,120.2,1
1,364,445.5,837.0,409.0,474.0,0.8628692,51.9,134.5,41.6,62.5,98.9,30.0,130.1,163.7,119.7,158.5,52.8,174.4,92.9,68.9,76.6,121.6,1
1,365,448.0,845.0,404.0,456.0,0.88596493,82.6,137.0,44.0,75.0,101.0,33.3,107.9,177.7,100.7,118.3,18.7,141.1,93.0,67.6,77.0,122.4,1
1,366,447.5,847.5,403.0,449.0,0.8975501,80.8,141.2,47.3,61.4,97.5,31.8,68.0,154.4,78.2,78.1,24.7,99.5,93.9,65.7,76.1,124.3,1
1,367,449.0,841.5,402.0,459.0,0.875817,47.1,147.9,49.4,44.6,91.8,30.1,49.1,144.7,73.0,78.6,31.5,96.6,98.6,61.7,71.6,128.1,1
1,368,452.5,847.0,397.0,452.0,0.8783186,9.5,146.5,52.1,41.9,91.3,26.6,39.6,138.6,62.2,64.1,35.0,89.5,94.4,64.7,76.4,124.5,1
1,369,454.5,850.5,395.0,443.0,0.8916479,13.4,148.6,56.1,52.0,76.8,8.9,37.4,134.3,56.2,59.1,40.9,80.5,92.5,67.9,78.2,121.4,1
1,370,452.0,847.0,396.0,450.0,0.88,7.0,142.2,49.9,62.0,90.7,22.0,35.7,132.9,55.3,57.0,45.9,75.4,92.3,68.7,77.7,121.3,1
1,371,454.0,858.5,394.0,425.0,0.9270588,11.2,148.2,54.1,46.3,81.9,14.9,33.6,130.1,53.0,51.1,48.9,72.8,94.1,67.0,77.1,121.8,1
1,372,455.0,867.5,390.0,411.0,0.9489051,57.5,136.4,46.6,74.3,98.8,28.6,37.7,133.2,53.3,38.9,52.2,68.0,89.8,70.2,79.8,120.2,1
1,373,456.0,867.0,386.0,412.0,0.9368932,81.8,135.1,46.4,76.3,97.5,24.7,37.5,130.9,49.1,20.8,63.6,53.2,88.7,72.8,81.7,116.8,1
1,374,455.0,870.5,384.0,407.0,0.94348896,51.3,133.4,49.3,55.6,102.7,27.5,38.0,128.8,43.1,19.0,66.1,49.0,84.1,75.1,85.7,115.1,1
1,375,456.0,873.5,388.0,399.0,0.97243106,61.8,137.3,48.7,49.8,93.2,22.8,34.0,127.7,46.6,35.4,56.8,62.9,88.7,70.5,81.2,119.7,1
1,376,463.5,874.0,373.0,396.0,0.9419192,84.2,136.5,48.3,53.0,94.5,23.2,35.3,129.6,47.8,33.8,57.6,61.1,88.2,71.3,81.8,118.7,1
1,377,459.0,870.5,382.0,403.0,0.9478908,118.9,135.1,50.1,52.7,102.5,26.7,38.2,127.8,41.6,18.3,69.4,43.6,85.0,75.8,86.3,113.0,1
1,378,459.5,882.5,377.0,385.0,0.9792208,112.0,129.9,45.3,98.3,101.7,23.4,41.3,124.8,38.5,16.8,73.3,37.5,84.6,78.4,86.3,110.8,1
1,379,457.0,883.0,370.0,386.0,0.9585492,98.1,132.5,47.2,22.7,107.3,29.9,40.3,124.7,37.8,13.0,77.5,33.0,85.3,77.4,86.9,110.4,1
1,380,459.5,885.0,379.0,380.0,0.9973684,23.0,137.2,51.6,0.3,110.0,32.9,38.6,121.3,36.7,30.5,70.8,41.9,85.6,77.1,84.5,112.7,1
1,381,455.5,893.0,383.0,364.0,1.0521978,148.2,133.2,48.3,2.7,112.8,31.8,44.6,125.1,39.1,1.4,84.9,23.2,84.9,81.0,86.0,108.1,1
1,384,472.5,896.5,347.0,349.0,0.9942693,159.5,141.1,51.1,56.3,90.2,15.9,42.3,128.4,44.6,41.6,55.1,56.8,90.0,74.3,83.8,111.9,1
1,385,359.0,737.0,310.0,288.0,1.0763888,170.2,137.1,51.6,145.6,91.5,9.5,88.8,160.4,71.0,80.2,22.0,81.2,85.5,82.0,89.3,103.2,1
1,386,362.5,736.5,313.0,287.0,1.0905924,179.9,131.3,44.9,149.1,84.8,3.5,97.0,163.7,74.5,92.4,17.5,85.7,86.4,81.3,89.1,103.2,1
1,387,360.5,737.5,305.0,289.0,1.0553633,173.7,131.8,41.9,132.3,108.0,31.2,105.4,170.5,84.7,97.3,10.4,97.2,89.8,76.8,85.8,107.6,1
1,388,368.0,743.0,320.0,296.0,1.081081,172.2,129.5,41.0,142.2,103.4,25.0,124.1,175.5,97.5,105.9,7.9,113.9,88.5,78.4,87.1,106.0,1
1,389,372.5,743.5,329.0,295.0,1.1152543,166.6,132.0,43.2,144.8,103.3,25.7,105.3,169.0,82.4,82.6,19.5,87.4,88.8,77.7,86.6,106.9,1
1,390,381.0,743.0,346.0,286.0,1.2097902,166.2,133.9,46.2,144.6,96.1,17.0,90.2,157.5,69.3,79.6,26.1,78.8,87.7,79.1,88.2,104.9,1
1,391,379.5,746.0,345.0,288.0,1.1979166,165.7,135.0,46.4,143.6,100.2,22.4,122.2,177.5,89.1,108.5,2.5,102.7,88.6,77.8,88.4,105.2,1
1,392,378.5,749.5,351.0,295.0,1.1898305,162.1,136.2,49.1,149.3,94.7,14.8,101.6,169.0,79.5,84.9,15.1,88.5,87.0,80.0,89.5,103.6,1
1,403,453.0,918.0,370.0,314.0,1.1783439,48.2,172.3,69.8,104.3,25.4,30.6,16.2,113.5,42.5,44.0,61.7,68.7,102.5,56.1,71.0,130.4,1
1,404,453.0,918.5,370.0,315.0,1.1746032,45.1,166.0,54.3,105.6,18.1,28.4,19.8,107.0,41.6,57.4,62.1,74.2,111.6,46.5,65.5,136.4,1
1,405,457.5,922.5,379.0,313.0,1.2108626,59.2,179.5,76.2,106.3,23.5,33.4,29.1,108.8,40.2,62.1,64.6,65.4,104.3,56.9,68.7,130.1,1
1,406,456.5,920.5,373.0,315.0,1.184127,56.3,174.4,66.5,112.1,13.3,38.8,12.5,113.7,46.7,52.0,60.9,72.0,107.9,52.1,67.1,132.9,1
1,407,455.0,920.0,378.0,314.0,1.2038217,61.4,177.2,62.0,124.0,1.6,45.5,12.7,111.7,50.4,45.2,62.7,73.7,115.1,47.1,61.4,136.4,1
1,408,454.0,921.0,376.0,312.0,1.2051282,62.2,179.0,56.4,131.6,7.4,49.8,26.2,116.8,62.2,60.2,52.0,88.2,122.7,42.4,54.7,140.3,1
1,409,447.5,923.5,367.0,311.0,1.1800643,73.9,174.9,71.4,121.0,6.3,44.1,18.7,107.8,47.7,62.9,66.2,69.6,113.7,50.4,60.2,135.8,1
1,410,453.0,923.0,376.0,314.0,1.1974522,64.6,178.6,66.3,117.4,9.2,38.6,24.5,110.0,51.0,72.5,62.0,76.1,115.1,47.8,59.1,138.0,1
1,413,456.5,922.5,369.0,299.0,1.2341137,80.3,167.8,31.8,149.0,32.1,38.3,35.6,105.8,86.4,23.8,63.9,110.1,160.4,6.2,19.4,174.0,1
1,414,457.5,927.0,367.0,292.0,1.2568493,91.4,169.2,69.1,148.6,26.2,47.1,40.8,99.1,42.7,26.0,76.4,84.7,121.7,20.9,56.4,161.1,1
1,415,456.0,923.0,384.0,302.0,1.2715232,80.4,176.7,66.7,110.9,16.6,29.8,16.2,104.3,38.2,0.4,75.0,62.5,110.0,46.4,66.1,137.6,1
1,417,462.0,923.0,372.0,300.0,1.24,60.3,153.3,63.8,37.0,95.1,25.9,11.2,120.5,39.2,3.8,65.8,54.2,89.5,69.2,81.3,120.0,1
1,419,458.5,933.0,371.0,282.0,1.3156028,27.7,158.4,71.0,0.5,117.8,59.8,48.5,129.2,46.4,43.4,56.2,75.7,87.4,58.0,82.7,131.9,1
1,420,458.0,934.0,378.0,284.0,1.3309859,24.0,148.6,50.1,1.1,109.0,57.7,48.8,133.9,61.9,64.0,39.3,98.9,98.5,51.3,72.0,138.2,1
1,422,451.5,931.0,405.0,282.0,1.4361702,40.5,169.3,59.5,67.2,52.9,36.6,28.8,135.9,96.7,80.3,24.8,148.6,131.1,16.3,39.1,173.4,1
1,423,455.5,918.5,399.0,311.0,1.2829581,148.9,138.3,41.3,41.8,110.7,55.6,50.4,138.4,65.0,79.6,27.7,106.9,97.0,55.1,73.4,134.5,1
1,424,457.0,878.0,392.0,396.0,0.989899,140.6,122.8,36.4,47.4,114.8,43.3,78.5,159.9,77.3,57.3,24.7,94.8,86.5,71.4,82.6,119.5,1
1,425,453.5,865.5,399.0,423.0,0.9432624,141.9,119.0,33.3,138.2,121.6,46.3,163.4,128.3,146.9,90.4,153.6,92.1,85.6,75.4,84.8,114.2,1
1,426,451.5,848.5,399.0,457.0,0.8730853,148.1,117.8,31.7,157.8,124.4,46.8,26.5,0.6,84.0,41.3,176.4,71.8,86.0,77.6,84.6,111.8,1
1,427,446.5,845.0,413.0,460.0,0.8978261,151.8,117.1,31.7,168.3,120.4,41.7,117.5,99.2,176.6,59.9,146.4,101.9,85.4,78.6,84.2,111.7,1
1,428,454.0,842.5,396.0,467.0,0.8479657,147.6,114.8,30.6,175.3,115.7,34.6,139.3,117.4,156.5,78.9,153.6,97.8,84.2,81.1,86.1,108.6,1
1,429,452.5,830.5,397.0,491.0,0.808554,133.5,116.3,31.1,177.7,115.2,33.4,82.6,54.0,138.4,85.5,165.7,85.8,85.2,81.8,84.4,108.5,1
1,430,432.0,821.5,438.0,505.0,0.86732674,123.1,113.5,25.1,173.0,112.1,32.9,76.8,53.2,136.1,83.2,151.4,99.0,88.4,79.1,82.9,109.6,1
1,431,445.0,817.5,412.0,511.0,0.80626225,122.3,116.0,28.8,174.7,113.3,32.6,83.4,82.5,164.6,78.1,131.5,118.6,87.2,80.6,82.2,110.0,1
1,432,452.5,808.5,401.0,529.0,0.75803405,123.5,114.4,27.5,170.4,111.0,30.6,70.4,85.5,167.8,45.6,114.9,134.6,86.9,80.4,82.3,110.4,1
1,433,454.5,801.0,399.0,542.0,0.73616236,122.8,110.9,25.2,163.1,108.8,27.0,64.8,75.5,159.1,51.3,121.0,130.1,85.6,81.8,83.6,108.9,1
1,434,456.0,797.0,400.0,552.0,0.7246377,127.2,111.9,25.8,155.1,108.3,27.1,74.7,81.4,163.8,68.2,116.9,132.9,86.1,81.3,82.4,110.2,1
1,435,452.5,797.0,403.0,548.0,0.73540145,119.3,109.6,25.1,146.3,109.8,26.9,72.2,72.7,157.1,83.2,117.3,134.6,84.5,82.9,84.4,108.1,1
1,436,443.5,799.0,415.0,548.0,0.75729924,117.7,109.0,24.2,137.8,108.1,25.4,84.7,68.8,151.4,92.9,122.6,127.5,84.7,82.7,82.6,109.9,1
1,437,451.0,796.0,410.0,552.0,0.7427536,111.8,105.1,23.9,96.0,112.3,27.8,73.5,75.6,161.8,64.6,109.8,142.1,81.2,84.5,86.2,108.1,1
1,438,457.0,796.0,396.0,554.0,0.71480143,138.5,100.1,16.1,79.2,121.1,39.3,82.3,54.9,141.9,67.8,146.2,106.6,84.1,81.8,87.0,107.2,1
1,439,460.0,794.0,386.0,556.0,0.6942446,137.0,100.2,22.1,7.6,123.0,36.5,61.2,68.8,157.9,69.3,106.4,147.3,78.1,86.5,89.1,106.3,1
1,440,458.0,793.5,392.0,555.0,0.7063063,127.1,101.1,26.6,3.4,124.1,34.4,79.0,66.1,158.2,85.5,105.6,150.8,74.5,89.7,92.2,103.6,1
1,441,446.5,791.5,409.0,557.0,0.73429084,79.4,103.9,32.7,4.8,128.1,32.3,10.5,58.2,36.8,56.0,177.8,79.7,71.2,95.8,95.0,98.0,1
1,442,431.5,794.0,441.0,556.0,0.79316545,94.1,100.4,22.5,21.8,129.3,41.2,47.9,2.0,95.4,67.7,169.9,89.6,77.9,88.2,93.4,100.5,1
1,443,423.0,794.0,456.0,560.0,0.8142857,43.8,100.0,26.3,20.5,132.0,39.1,32.2,17.2,79.4,59.3,179.8,83.0,73.6,92.9,96.6,96.9,1
1,444,413.5,796.5,473.0,555.0,0.85225224,169.4,38.7,102.2,4.3,137.4,32.1,21.1,11.9,86.2,32.6,177.5,84.5,63.6,105.3,98.0,93.0,1
1,445,428.0,795.5,452.0,553.0,0.81735986,98.6,53.1,16.3,15.6,129.8,30.6,15.9,24.7,74.5,41.1,167.6,75.2,69.4,99.2,99.1,92.4,1
1,446,461.5,795.5,409.0,555.0,0.7369369,138.7,92.2,25.0,3.5,126.5,26.3,49.6,72.8,26.7,14.3,164.9,71.7,67.2,100.1,99.5,93.2,1
1,447,468.0,795.0,418.0,556.0,0.75179857,147.4,88.7,21.0,5.0,125.3,26.6,3.7,18.5,80.6,14.3,178.3,87.3,67.8,98.7,99.1,94.4,1
1,448,466.0,794.0,418.0,558.0,0.74910396,157.7,33.6,94.0,19.0,138.2,30.6,21.1,20.1,81.1,33.5,163.6,72.9,60.4,107.7,101.2,90.6,1
1,449,478.5,797.0,449.0,558.0,0.8046595,1.1,120.2,57.1,27.0,130.2,28.0,101.3,50.5,150.7,68.0,175.4,90.0,63.1,102.2,100.2,94.5,1
1,450,465.0,793.5,400.0,555.0,0.7207207,9.8,129.3,67.8,19.2,126.5,23.4,65.7,21.1,122.8,41.9,179.1,87.3,61.5,103.1,101.8,93.6,1
1,451,486.0,799.0,422.0,558.0,0.7562724,7.2,125.9,63.1,17.0,129.3,29.6,87.5,54.4,154.2,74.0,135.7,126.7,62.8,99.7,99.8,97.7,1
2,451,251.5,587.5,245.0,467.0,0.52462524,137.1,105.1,19.3,92.4,106.8,25.2,167.5,98.7,161.0,176.9,74.8,167.3,85.8,81.6,100.2,92.4,1
1,452,468.0,800.5,530.0,555.0,0.954955,129.2,122.2,169.4,29.2,125.7,31.8,125.7,67.6,164.5,89.4,141.8,117.3,68.4,93.9,96.8,100.9,1
2,452,249.0,584.5,244.0,459.0,0.5315904,164.8,106.8,20.8,100.4,105.3,22.1,166.7,98.4,163.9,178.4,70.0,163.0,86.0,83.3,97.7,92.9,1
1,453,485.5,800.0,533.0,554.0,0.9620939,126.3,119.7,176.1,152.4,127.3,28.1,137.4,80.7,178.3,105.1,131.4,129.6,64.2,99.2,97.6,99.1,1
1,454,489.5,799.5,511.0,549.0,0.9307833,87.1,168.5,126.5,179.1,125.1,26.9,129.2,78.5,175.7,100.4,131.3,129.0,65.0,98.1,97.2,99.7,1
2,454,255.0,583.5,262.0,463.0,0.56587476,176.0,107.6,42.2,73.1,114.6,9.9,179.0,94.4,148.5,170.3,77.9,150.6,65.4,104.8,117.2,72.7,1
1,455,523.0,800.5,456.0,547.0,0.833638,131.5,107.8,170.5,148.3,126.1,25.7,146.2,79.3,176.7,119.5,140.3,120.2,62.7,100.4,97.4,99.5,1
2,455,258.0,585.0,270.0,462.0,0.58441556,168.6,102.3,35.7,73.0,111.6,13.1,177.6,87.2,155.5,174.3,82.1,159.7,66.7,98.4,117.3,77.6,1
1,456,507.5,796.0,481.0,552.0,0.8713768,172.7,53.7,120.2,167.4,127.8,27.3,121.0,74.8,168.6,77.5,166.6,94.1,66.5,100.5,93.7,99.2,1
2,456,262.0,584.0,282.0,458.0,0.6157205,162.9,104.1,33.2,78.6,109.2,14.4,176.6,87.3,160.1,175.2,79.5,161.1,70.9,94.9,112.6,81.7,1
1,457,456.0,791.0,588.0,564.0,1.0425532,179.4,64.4,128.9,169.0,131.1,28.5,136.7,78.7,173.0,93.9,163.8,97.6,64.4,102.6,94.3,98.6,1
2,457,261.5,583.5,285.0,455.0,0.62637365,128.0,110.7,38.4,87.3,103.7,9.7,177.9,91.2,157.3,175.4,74.8,157.1,72.3,94.0,111.4,82.3,1
1,458,483.5,790.5,531.0,563.0,0.9431616,167.4,68.9,128.3,156.0,129.8,19.9,99.8,78.2,175.9,64.2,139.8,127.1,59.4,109.9,97.6,93.0,1
2,458,262.5,584.0,287.0,454.0,0.6321586,135.6,115.1,42.5,86.8,108.0,13.3,173.7,89.9,158.8,179.5,78.0,159.3,72.6,94.7,111.3,81.3,1
1,459,537.0,790.0,424.0,566.0,0.7491166,161.0,42.0,104.9,145.6,131.1,25.1,120.9,66.5,166.0,88.1,159.9,108.4,62.9,105.9,99.5,91.7,1
1,460,542.5,791.5,419.0,567.0,0.7389771,175.1,57.6,120.3,146.4,132.6,27.9,117.0,58.2,157.3,83.9,162.7,103.9,62.8,104.7,99.0,93.5,1
2,460,265.0,593.0,294.0,476.0,0.61764705,127.6,109.8,52.8,85.8,110.3,1.9,175.2,82.8,150.6,173.1,83.1,147.3,57.0,112.2,126.6,64.2,1
1,461,537.0,789.0,430.0,574.0,0.74912894,175.4,59.1,121.0,127.5,132.2,26.7,118.5,57.1,157.0,81.0,159.3,108.0,61.9,105.5,99.9,92.8,1
2,461,266.5,595.5,299.0,479.0,0.6242171,138.4,108.1,50.9,83.7,114.7,1.6,176.2,82.1,151.3,171.9,85.5,148.6,57.2,113.2,126.5,63.1,1
1,462,549.5,789.0,407.0,572.0,0.71153843,164.1,34.0,96.3,127.5,129.9,25.6,115.4,60.6,162.1,64.1,148.7,119.4,62.3,104.3,101.5,91.8,1
2,462,271.5,596.5,311.0,481.0,0.64656967,167.9,103.6,33.6,74.5,107.5,12.4,171.4,84.8,160.3,172.5,84.7,164.6,70.0,95.1,114.9,80.0,1
